,ID,mcg,gvh,alm,mpr,mit,erl,pox,vac,nuc,nux,outputs_class
0,0,0.58,61,0.47,asqp,0.13,0.5,0,28.8,0.22,,MIT
1,1,0.43,67,0.48,asqp,0.27,0.5,0,31.8,0.22,,MIT
2,2,0.64,62,0.49,mucx,0.15,0.5,0,31.8,0.22,,MIT
3,3,0.58,44,0.57,cdg,0.13,0.5,0,32.4,0.22,,ME1
4,4,0.42,44,0.48,mucx,0.54,0.5,0,28.8,0.22,,MIT
5,5,0.51,40,0.56,asqp,0.17,0.5,0.5,29.4,0.22,,ME1
6,6,0.5,54,0.48,mucx,0.65,0.5,0,31.8,0.22,,MIT
7,7,0.48,45,0.59,mucx,0.2,0.5,0,34.8,0.34,,ME1
8,8,0.55,50,0.66,mucx,0.36,0.5,0,29.4,0.22,,MIT
9,9,0.4,39,0.6,cdg,0.15,0.5,0,34.8,0.3,,ME1
10,10,0.43,39,0.54,mucx,0.21,0.5,0,31.8,0.27,,ME1
11,11,0.42,37,0.59,cdg,0.2,0.5,0,31.2,0.29,,ME1
12,12,0.4,42,0.57,cdg,0.35,0.5,0,31.8,0.25,,ME1
13,13,0.6,40,0.52,cdg,0.46,0.5,0,31.8,0.22,,MIT
14,14,0.66,55,0.45,asqp,0.19,0.5,0,27.6,0.22,,MIT
15,15,0.46,44,0.52,asqp,0.11,0.5,0,30,0.22,,ME1
16,16,0.47,39,0.5,mucx,0.11,0.5,0,29.4,0.4,,ME1
17,17,0.58,47,0.54,cdg,0.11,0.5,0,30.6,0.26,,ME1
18,18,0.5,34,0.55,mucx,0.21,0.5,0,29.4,0.22,,ME1
19,19,0.61,60,0.55,asqp,0.21,0.5,0,30,0.25,,ME1
20,20,0.45,40,0.5,mucx,0.16,0.5,0,30,0.22,,ME1
21,21,0.43,44,0.48,mucx,0.22,0.5,0,30.6,0.22,,ME1
22,22,0.73,63,0.42,mucx,0.3,0.5,0,29.4,0.22,uax,ME1
23,23,0.43,53,0.52,mucx,0.13,0.5,0,33,0.22,,ME1
24,24,0.46,53,0.52,cdg,0.15,0.5,0,34.8,0.22,,ME1
25,25,0.51,51,0.52,cdg,0.51,0.5,0,32.4,0.22,,MIT
26,26,0.59,45,0.53,mucx,0.19,0.5,0,35.4,0.27,,ME1
27,27,0.57,47,0.6,mucx,0.18,0.5,0,30.6,0.22,,ME1
28,28,0.63,67,0.57,cdg,0.24,0.5,0,29.4,0.22,,MIT
29,29,0.8,88,0.36,mucx,0.39,0.5,0,33.6,0.33,,ME1
30,30,0.53,54,0.43,mucx,0.1,0.5,0,34.2,0.32,,ME1
31,31,0.51,51,0.43,asqp,0.87,0.5,0,31.2,0.22,,MIT
32,32,0.38,61,0.61,asqp,0.12,0.5,0,31.8,0.47,,ME1
33,33,0.33,55,0.51,asqp,0.43,0.5,0,30.6,0.22,,ME1
34,34,0.78,74,0.42,asqp,0.26,0.5,0,25.8,0.22,,ME1
35,35,0.74,67,0.47,mucx,0.34,0.5,0,25.2,0.22,,ME3
36,36,0.72,61,0.45,asqp,0.3,0.5,0,32.4,0.25,,MIT
37,37,0.4,45,0.57,cdg,0.18,0.5,0,33.6,0.26,,ME1
38,38,0.59,53,0.43,mucx,0.44,0.5,0,30,0.22,,MIT
39,39,0.57,53,0.53,mucx,0.34,0.5,0,31.8,0.22,,MIT
40,40,0.86,68,0.39,asqp,0.24,0.5,0,32.4,0.22,,ME2
41,41,0.86,74,0.51,asqp,0.4,0.5,0,33,0.22,,ME2
42,42,0.79,57,0.41,asqp,0.28,0.5,0,35.4,0.22,,ME2
43,43,0.41,54,0.39,mucx,0.2,0.5,0,30.6,0.22,,ME3
44,44,0.37,36,0.56,mucx,0.18,0.5,0,28.8,0.26,uxv,ME3
45,45,0.53,31,0.58,asqp,0.39,0.5,0,28.2,0.37,,ME1
46,46,0.74,75,0.58,mucx,0.47,0.5,0,24,0.35,,ME2
47,47,0.49,39,0.52,mucx,0.29,0.5,0,28.8,0.22,,ME3
48,48,0.74,57,0.51,cdg,0.28,0.5,0,34.8,0.22,,ME3
49,49,0.42,24,0.34,mucx,0.16,0.5,0,30,0.22,uax,ME3
50,50,0.48,39,0.51,asqp,0.21,0.5,0,31.2,0.28,,ME1
51,51,0.41,53,0.45,cdg,0.14,0.5,0,31.2,0.66,,ME3
52,52,0.45,46,0.55,mucx,0.43,0.5,0,33,0.38,,ME1
53,53,0.56,48,0.58,mucx,0.27,0.5,0,30.6,0.22,,ME1
54,54,0.64,59,0.56,asqp,0.23,0.5,0,27.6,0.22,,ME1
55,55,0.64,56,0.56,asqp,0.22,0.5,0,27,0.22,,ME1
56,56,0.66,62,0.49,asqp,0.1,0.5,0,29.4,0.22,,ME1
57,57,0.53,44,0.51,asqp,0.33,0.5,0,33,0.22,,ME1
58,58,0.38,49,0.53,mucx,0.19,0.5,0,30,0.22,,ME1
59,59,0.45,58,0.48,mucx,0.67,0.5,0,31.2,0.22,,MIT
60,60,0.43,35,0.52,mucx,0.52,0.5,0,32.4,0.22,,MIT
61,61,0.37,32,0.47,mucx,0.18,0.5,0,27,0.25,,ME1
62,62,0.48,43,0.51,asqp,0.32,0.5,0,31.2,0.43,,ME1
63,63,0.41,46,0.59,cdg,0.19,0.5,0,34.8,0.27,,ME1
64,64,0.54,48,0.44,mucx,0.08,0.5,0,31.2,0.27,,ME1
65,65,0.6,47,0.45,cdg,0.22,0.5,0,30.6,0.29,,ME1
66,66,0.34,46,0.57,cdg,0.09,0.5,0,33,0.22,,ME1
67,67,0.48,54,0.55,mucx,0.12,0.5,0,30.6,0.22,,ME1
68,68,0.47,39,0.59,cdg,0.15,0.5,0,34.2,0.22,,ME1
69,69,0.81,85,0.47,cdg,0.37,0.5,0,33.6,0.22,rux,ME3
70,70,0.48,42,0.52,cdg,0.24,0.5,0,33.6,0.22,,ME1
71,71,0.58,51,0.49,mucx,0.27,0.5,0,34.2,0.29,,ME1
72,72,0.6,50,0.44,cdg,0.61,0.5,0,28.2,0.22,,MIT
73,73,0.45,55,0.54,cdg,0.66,0.5,0,28.2,0.22,,MIT
74,74,0.46,49,0.58,mucx,0.23,0.5,0,26.4,0.22,,MIT
75,75,0.49,42,0.56,mucx,0.55,0.5,0,25.2,0.25,,MIT
76,76,0.63,53,0.54,cdg,0.4,0.5,0,30,0.22,,MIT
77,77,0.5,54,0.53,cdg,0.54,0.5,0,30.6,0.27,,MIT
78,78,0.63,57,0.59,cdg,0.4,0.5,0,22.8,0.22,,MIT
79,79,0.43,57,0.51,cdg,0.49,0.5,0,28.8,0.22,,MIT
80,80,0.48,45,0.55,asqp,0.5,0.5,0,31.8,0.22,,MIT
81,81,0.5,58,0.46,cdg,0.46,0.5,0,27.6,0.22,,MIT
82,82,0.51,54,0.6,asqp,0.57,0.5,0,34.8,0.22,,MIT
83,83,0.54,52,0.63,mucx,0.37,0.5,0,27.6,0.22,,MIT
84,84,0.67,62,0.4,asqp,0.43,0.5,0.83,30,0.22,,MIT
85,85,0.28,58,0.21,asqp,0.13,0.5,0,30.6,0.22,,ME3
86,86,0.39,44,0.35,asqp,0.16,0.5,0,33,0.22,,ME3
87,87,0.8,63,0.45,asqp,0.29,0.5,0,30.6,0.22,,ME3
88,88,0.5,52,0.59,mucx,0.3,0.5,0,30.6,0.35,,ME1
89,89,0.42,47,0.52,mucx,0.41,0.5,0,31.8,0.32,,ME1
90,90,0.36,46,0.62,mucx,0.46,0.5,0,30.6,0.33,,ME1
91,91,0.46,38,0.47,cdg,0.22,0.5,0,31.2,0.27,,MIT
92,92,0.4,45,0.56,mucx,0.2,0.5,0,27,0.22,,ME1
93,93,0.33,43,0.64,cdg,0.16,0.5,0,31.2,0.52,,ME1
94,94,0.49,61,0.49,mucx,0.25,0.5,0,30,0.28,,ME1
95,95,0.38,50,0.37,asqp,0.26,0.5,0,25.8,0.22,,ME3
96,96,0.69,70,0.52,asqp,0.36,0.5,0,27.6,0.22,,ME3
97,97,0.61,72,0.39,mucx,0.33,0.5,0,34.8,0.22,uax,MIT
98,98,0.78,75,0.4,asqp,0.28,0.5,0,31.8,0.22,,MIT
99,99,0.64,57,0.57,cdg,0.27,0.5,0,22.2,0.22,uax,ME1
100,100,0.36,58,0.35,mucx,0.24,0.5,0,26.4,0.22,,ME3
101,101,0.36,43,0.39,mucx,0.12,0.5,0,29.4,0.22,,ME3
102,102,0.47,52,0.5,mucx,0.4,0.5,0,24.6,0.22,,ME1
103,103,0.48,23,0.57,cdg,0.27,0.5,0,28.8,0.47,,ME1
104,104,0.47,39,0.55,mucx,0.24,0.5,0,28.2,0.22,,ME1
105,105,0.44,59,0.36,mucx,0.16,0.5,0,31.2,0.22,,ME3
106,106,0.42,35,0.54,mucx,0.18,0.5,0,33.6,0.22,,ME1
107,107,0.3,56,0.55,cdg,0.18,0.5,0,30,0.22,,ME1
108,108,0.65,65,0.52,cdg,0.16,0.5,0,36,0.22,,ME1
109,109,0.27,60,0.48,cdg,0.23,0.5,0,33,0.22,,ME1
110,110,0.45,41,0.5,cdg,0.46,0.5,0.5,30,0.27,,ME2
111,111,0.44,52,0.41,asqp,0.23,0.5,0,30.6,0.22,,ME1
112,112,0.3,32,0.57,mucx,0.19,0.5,0,28.8,0.55,,ME1
113,113,0.4,44,0.49,cdg,0.47,0.5,0,29.4,0.27,,ME1
114,114,0.45,51,0.5,mucx,0.16,0.5,0,31.2,1,,ME1
115,115,0.45,45,0.5,cdg,0.6,0.5,0,29.4,0.22,,MIT
116,116,0.59,67,0.56,asqp,0.41,0.5,0,28.2,0.22,,MIT
117,117,0.47,47,0.57,mucx,0.48,0.5,0,28.8,0.22,,MIT
118,118,0.35,52,0.48,mucx,0.22,0.5,0,15.6,0.22,,MIT
119,119,0.47,41,0.66,asqp,0.26,0.5,0,31.8,0.22,,MIT
120,120,0.64,62,0.29,asqp,0.28,0.5,0,30.6,0.22,,MIT
121,121,0.55,53,0.55,mucx,0.46,0.5,0,31.2,0.22,,MIT
122,122,0.67,62,0.54,asqp,0.43,0.5,0,31.8,0.22,,MIT
123,123,0.59,60,0.49,mucx,0.43,0.5,0,31.8,0.31,,MIT
124,124,0.54,55,0.34,cdg,0.31,0.5,0,32.4,0.22,,ME3
125,125,0.58,62,0.54,mucx,0.17,0.5,0,28.8,0.22,,MIT
126,126,0.4,38,0.53,cdg,0.16,0.5,0,31.2,0.27,,ME1
127,127,0.46,71,0.48,cdg,0.53,0.5,0,31.8,0.22,rux,MIT
128,128,0.53,51,0.55,mucx,0.05,0.5,0,27,0.25,,ME1
129,129,0.41,40,0.59,asqp,0.47,0.5,0,28.8,0.43,uxv,ME1
130,130,0.5,64,0.57,mucx,0.15,0.5,0,28.2,0.22,,ME1
131,131,0.4,62,0.52,mucx,0.31,0.5,0,29.4,0.31,,ME1
132,132,0.6,50,0.57,cdg,0.25,0.5,0,24.6,0.26,,ME1
133,133,0.62,51,0.52,cdg,0.42,0.5,0,32.4,0.27,,ME1
134,134,0.35,58,0.54,asqp,0.16,0.5,0,30.6,0.22,,ME1
135,135,0.34,54,0.5,asqp,0.21,0.5,0,32.4,0.31,,ME1
136,136,0.39,58,0.5,mucx,0.26,0.5,0,32.4,0.59,,ME3
137,137,0.48,54,0.5,cdg,0.17,0.5,0,31.8,0.22,,ME1
138,138,0.29,32,0.58,mucx,0.15,0.5,0,30,0.3,,ME1
139,139,0.47,32,0.64,cdg,0.3,0.5,0,37.8,0.22,,ME1
140,140,0.39,47,0.56,mucx,0.16,0.5,0,28.2,0.22,,ME1
141,141,0.58,48,0.51,asqp,0.47,0.5,0,33,0.22,rax,ME1
142,142,0.64,60,0.57,cdg,0.19,0.5,0,25.8,0.22,,ME1
143,143,0.37,46,0.4,asqp,0.27,0.5,0,27,0.22,,ME1
144,144,0.43,57,0.53,cdg,0.16,0.5,0,32.4,0.22,,ME1
145,145,0.28,37,0.61,mucx,0.09,0.5,0,31.2,0.55,,ME1
146,146,0.59,48,0.5,mucx,0.14,0.5,0,27,0.25,,ME1
147,147,0.39,55,0.48,asqp,0.31,0.5,0,32.4,0.29,,ME1
148,148,0.26,36,0.47,cdg,0.34,0.5,0,31.8,0.72,,ME1
149,149,0.51,34,0.5,cdg,0.19,0.5,0,30,0.22,,ME1
150,150,0.58,50,0.5,mucx,0.12,0.5,0,28.8,0.25,,ME1
151,151,0.44,39,0.53,cdg,0.14,0.5,0,32.4,0.44,,ME1
152,152,0.41,39,0.44,asqp,0.34,0.5,0,28.8,0.4,,ME1
153,153,0.45,43,0.51,cdg,0.24,0.5,0,32.4,0.33,,ME1
154,154,0.36,68,0.46,mucx,0.16,0.5,0,31.8,0.28,,ME1
155,155,0.42,31,0.5,cdg,0.15,0.5,0,31.8,0.22,,ME1
156,156,0.42,43,0.56,cdg,0.1,0.5,0,29.4,0.22,uxv,ME1
157,157,0.67,71,0.52,mucx,0.65,0.5,0,31.8,0.36,,ME1
158,158,0.49,47,0.53,cdg,0.16,0.5,0,28.8,0.27,,ME1
159,159,0.71,59,0.48,mucx,0.43,0.5,0,35.4,0.22,rax,MIT
160,160,0.4,42,0.71,cdg,,0.5,0,32.4,0.32,,ME1
161,161,0.4,42,0.71,mucx,0.21,0.5,0,32.4,0.32,,ME1
162,162,0.54,49,0.49,asqp,0.2,0.5,0,31.2,0.22,,ME1
163,163,0.42,51,0.5,asqp,0.12,0.5,0,31.2,0.46,,ME1
164,164,0.57,51,0.53,asqp,0.18,0.5,0,33.6,0.25,,ME1
165,165,0.35,45,0.43,cdg,0.11,0.5,0,33.6,0.22,rux,ME3
166,166,0.42,42,0.42,mucx,0.2,0.5,0,29.4,0.22,,ME3
167,167,0.26,50,0.33,mucx,0.28,0.5,0,30.6,0.22,,ME3
168,168,0.39,42,0.38,asqp,0.4,0.5,0,29.4,0.47,,ME3
169,169,0.26,44,0.3,mucx,0.11,0.5,0,30.6,0.47,,ME3
170,170,0.31,44,0.53,cdg,0.23,0.5,0,30.6,0.32,,ME1
171,171,0.48,61,0.44,cdg,0.2,0.5,0,28.2,0.22,,ME1
172,172,0.66,45,0.5,cdg,0.23,0.5,0,29.4,0.22,,ME1
173,173,0.21,41,0.55,cdg,0.11,0.5,0,30,0.27,,ME1
174,174,0.38,68,0.44,cdg,0.45,0.5,0,31.8,0.22,,MIT
175,175,0.44,38,0.48,cdg,0.32,0.5,0.83,31.8,0.22,,ME2
176,176,0.31,31,0.56,cdg,0.33,0.5,0,31.2,0.33,,ME1
177,177,0.49,31,0.49,asqp,0.35,0.5,0,30.6,0.29,,ME1
178,178,0.38,37,0.56,asqp,0.21,0.5,0,29.4,0.22,,ME1
179,179,0.39,40,0.53,cdg,0.67,0.5,0,28.2,0.22,,ME1
180,180,0.24,34,0.69,mucx,0.18,0.5,0,31.2,0.22,,ME1
181,181,0.49,43,0.51,mucx,0.13,0.5,0,28.2,0.22,uxv,ME1
182,182,0.54,38,0.52,asqp,0.18,0.5,0,28.8,0.22,,ME1
183,183,0.43,57,0.53,cdg,0.53,0.5,0,31.8,0.25,,ME1
184,184,0.48,64,0.61,mucx,0.23,0.5,0,36,0.22,,ME1
185,185,0.31,55,0.52,asqp,0.17,0.5,0,31.2,0.22,,ME1
186,186,0.32,57,0.5,cdg,0.15,0.5,0,31.8,0.22,,ME1
187,187,0.32,42,0.52,asqp,0.24,0.5,0,36,0.22,,ME1
188,188,0.59,50,0.52,mucx,0.28,0.5,0,33,0.25,,ME1
189,189,0.37,42,0.51,asqp,0.11,0.5,0,34.2,0.22,,ME1
190,190,0.75,70,0.38,asqp,0.27,0.5,0,29.4,0.22,,ME1
191,191,0.61,72,0.31,mucx,0.33,0.5,0,33.6,0.22,,MIT
192,192,0.44,42,0.6,mucx,0.21,0.5,0,34.2,0.22,,ME1
193,193,0.52,51,0.51,cdg,0.54,0.5,0,33,0.27,,MIT
194,194,0.63,56,0.45,asqp,0.58,0.5,0,30.6,0.22,,MIT
195,195,0.52,56,0.54,cdg,0.53,0.5,0,27,0.22,,MIT
196,196,0.58,58,0.58,cdg,0.49,0.5,0,29.4,0.26,,MIT
197,197,0.72,62,0.34,cdg,0.29,0.5,0,33.6,0.28,,MIT
198,198,0.72,61,0.37,mucx,0.3,0.5,0,34.2,0.22,,MIT
199,199,0.46,43,0.38,asqp,0.33,0.5,0,28.8,0.28,,MIT
200,200,0.57,57,0.44,mucx,0.37,0.5,0,31.2,0.25,,MIT
201,201,0.42,31,0.62,asqp,0.12,0.5,0,24,0.22,,MIT
202,202,0.49,46,0.45,cdg,0.45,0.5,0,31.2,0.22,,MIT
203,203,0.42,58,0.41,asqp,0.65,0.5,0,27.6,0.26,,MIT
204,204,0.59,61,0.34,asqp,0.22,0.5,0,30.6,0.22,,MIT
205,205,0.52,77,0.38,cdg,0.34,0.5,0,30.6,0.22,,MIT
206,206,0.5,52,0.6,asqp,0.51,0.5,0,28.8,0.22,,MIT
207,207,0.49,60,0.43,cdg,0.56,0.5,0,21.6,0.22,,MIT
208,208,0.5,41,0.44,asqp,0.5,0.5,0,25.2,0.22,uax,MIT
209,209,0.5,40,0.56,cdg,0.7,0.5,0,30,0.22,uax,MIT
210,210,0.37,58,0.44,cdg,0.51,0.5,0,26.4,0.22,,MIT
211,211,0.55,45,0.45,asqp,0.54,0.5,0,30,0.22,,MIT
212,212,0.67,68,0.46,asqp,0.29,0.5,0,27.6,0.22,,MIT
213,213,0.53,51,0.46,mucx,0.28,0.5,0,28.8,0.22,,ME1
214,214,0.35,66,0.49,asqp,0.21,0.5,0,32.4,0.25,,ME1
215,215,0.52,40,0.6,mucx,0.12,0.5,0,33,0.22,,ME1
216,216,0.77,79,0.58,asqp,0.23,0.5,0,28.8,0.22,,ME3
217,217,0.47,46,0.59,mucx,0.49,0.5,0,33.6,0.22,,MIT
218,218,0.73,83,0.43,mucx,0.3,0.5,0,33,0.22,,ME1
219,219,0.78,74,0.58,mucx,0.25,1,0,31.8,0.22,,ME2
220,220,0.7,65,0.54,asqp,0.28,0.5,0,36,0.4,uxv,ME3
221,221,0.47,54,0.37,mucx,0.14,0.5,0,30,0.22,,ME3
222,222,0.56,52,0.48,asqp,0.17,0.5,0,27.6,0.22,,ME1
223,223,0.57,41,0.59,cdg,0.24,0.5,0,24,0.22,,ME1
224,224,0.56,41,0.58,mucx,0.21,0.5,0,25.2,0.22,,ME1
225,225,0.58,56,0.45,mucx,0.12,0.5,0,30.6,0.22,,ME1
226,226,0.53,38,0.66,mucx,0.25,0.5,0,25.8,0.22,,ME1
227,227,0.34,36,0.54,mucx,0.11,0.5,0,21.6,0.21,,ME1
228,228,0.69,61,0.38,asqp,0.27,0.5,0,31.2,0.22,,ME2
229,229,0.37,53,0.6,mucx,0.19,0.5,0.5,25.2,0.22,,ME2
230,230,0.41,45,0.53,cdg,0.17,0.5,0,30.6,0.25,,ME1
231,231,0.31,46,0.54,asqp,0.52,0.5,0,30,0.34,rux,ME1
232,232,0.36,37,0.33,mucx,0.14,0.5,0,34.2,0.31,,ME3
233,233,0.82,78,0.49,asqp,0.23,0.5,0,27.6,0.22,,ME3
234,234,0.82,75,0.54,cdg,0.23,0.5,0,27.6,0.22,,ME3
235,235,0.41,51,0.58,asqp,0.15,0.5,0,27,0.27,,ME1
236,236,0.38,51,0.75,asqp,0.17,0.5,0,33,0.22,rax,ME1
237,237,0.38,51,0.75,asqp,0.17,0.5,0,33,0.22,,ME1
238,238,0.53,44,0.51,mucx,0.33,0.5,0,31.2,0.22,,MIT
239,239,0.46,54,0.71,asqp,0.15,0.5,0,35.4,0.22,,MIT
240,240,0.4,56,0.48,cdg,0.14,0.5,0,28.2,0.22,,MIT
241,241,0.53,53,0.6,asqp,0.13,0.5,0,29.4,0.22,,MIT
242,242,0.42,57,0.72,mucx,0.22,0.5,0,34.2,0.22,,MIT
243,243,0.45,27,0.57,mucx,0.36,0.5,0,31.2,0.18,,ME1
244,244,0.2,26,0.52,mucx,0.14,0.5,0,31.8,0.44,,ME1
245,245,0.51,53,0.55,mucx,0.14,0.5,0,30.6,0.22,uxv,ME1
246,246,0.44,68,0.45,cdg,0.51,0.5,0,31.2,0.41,,MIT
247,247,0.27,39,0.66,mucx,0.11,0.5,0,26.4,0.22,,MIT
248,248,0.55,42,0.34,cdg,0.3,0.5,0,31.2,0.22,,ME3
249,249,0.34,42,0.3,mucx,0.23,0.5,0,31.8,0.22,,ME3
250,250,0.44,53,0.52,mucx,0.23,0.5,0.83,30.6,0.22,,ME2
251,251,0.59,58,0.56,cdg,0.21,0.5,0,32.4,0.33,,ME1
252,252,0.39,28,0.46,asqp,0.12,0.5,0,24.6,0.22,,ME1
253,253,0.56,43,0.54,cdg,0.16,0.5,0,30,0.22,,ME1
254,254,0.36,68,0.38,mucx,0.08,0.5,0,31.8,0.25,,ME3
255,255,0.27,36,0.6,asqp,0.33,0.5,0,22.2,0.31,,ME1
256,256,0.35,40,0.59,asqp,0.22,0.5,0,28.2,0.37,,ME1
257,257,0.42,32,0.5,asqp,0.21,0.5,0,30.6,0.22,,ME1
258,258,0.23,20,0.53,asqp,0.2,0.5,0,26.4,0.22,,ME1
259,259,0.55,54,0.56,asqp,0.22,0.5,0,30,0.37,,ME1
260,260,0.36,24,0.49,asqp,0.16,0.5,0,30.6,0.22,,ME1
261,261,0.38,48,0.59,asqp,0.22,0.5,0,27.6,0.22,,ME1
262,262,0.8,46,0.5,cdg,0.15,0.5,0,31.8,0.22,,ME1
263,263,0.6,56,0.47,asqp,0.2,0.5,0,30,0.38,,ME1
264,264,0.41,24,0.54,mucx,0.26,0.5,0,24.6,0.22,,ME1
265,265,0.47,65,0.54,mucx,0.62,0.5,0,31.8,0.36,,MIT
266,266,0.43,39,0.54,cdg,0.14,0.5,0,28.2,0.22,,ME1
267,267,0.5,51,0.52,asqp,0.09,0.5,0,28.8,0.25,,ME1
268,268,0.53,61,0.52,cdg,0.21,0.5,0,33,0.3,,ME1
269,269,0.54,42,0.41,mucx,0.16,0.5,0,31.2,0.22,,ME2
270,270,0.46,35,0.53,mucx,0.16,0.5,0,30.6,0.29,,ME1
271,271,0.46,43,0.49,mucx,0.79,0.5,0,29.4,0.63,,ME1
272,272,0.51,55,0.35,cdg,0.16,0.5,0,30.6,0.47,,ME3
273,273,0.56,52,0.55,mucx,0.19,0.5,0,32.4,0.22,,ME1
274,274,0.61,30,0.59,cdg,0.12,0.5,0,29.4,0.27,,ME1
275,275,0.37,53,0.46,mucx,0.23,0.5,0,28.2,0.22,,ME1
276,276,0.83,58,0.33,asqp,0.04,0.5,0,31.8,0.22,,ME2
277,277,0.39,45,0.53,cdg,0.18,0.5,0,32.4,0.22,,ME1
278,278,0.52,54,0.5,asqp,0.21,0.5,0,28.8,0.3,,ME1
279,279,0.35,39,0.57,mucx,0.11,0.5,0,28.8,0.22,,ME1
280,280,0.36,49,0.3,mucx,0.22,0.5,0,31.2,0.31,,ME3
281,281,0.78,70,0.32,asqp,0.23,0.5,0,31.8,0.22,,ME1
282,282,0.55,46,0.53,asqp,0.11,0.5,0,31.2,0.48,rux,ME1
283,283,0.45,56,0.54,mucx,0.32,0.5,0,34.2,0.22,,ME1
284,284,0.45,56,0.53,mucx,0.32,0.5,0,34.2,0.22,,ME1
285,285,0.29,43,0.4,asqp,0.15,0.5,0,31.8,0.22,,ME3
286,286,0.52,75,0.37,asqp,0.14,0.5,0,27.6,0.22,,ME3
287,287,0.71,56,0.39,cdg,0.27,0.5,0,31.2,0.22,rux,ME2
288,288,0.58,60,0.43,mucx,0.12,0.5,0,33,0.22,rax,ME3
289,289,0.54,65,0.49,asqp,0.34,0.5,0,31.2,0.22,,ME1
290,290,0.57,59,0.44,cdg,0.16,0.5,0,31.2,0.22,,ME2
291,291,0.59,58,0.46,asqp,0.19,0.5,0,33.6,0.27,,ME1
292,292,0.92,61,0.4,mucx,0.22,0.5,0,32.4,0.22,,ME2
293,293,0.55,56,0.45,cdg,0.14,0.5,0,32.4,0.22,,ME1
294,294,0.63,61,0.41,mucx,0.22,0.5,0,30.6,0.22,,ME3
295,295,0.58,53,0.38,mucx,0.18,0.5,0,31.2,0.22,,ME3
296,296,0.36,46,0.43,asqp,0.19,0.5,0,28.8,0.22,,ME3
297,297,0.32,47,0.55,mucx,0.12,0.5,0,31.2,0.22,,ME1
298,298,0.34,38,0.45,cdg,0.19,0.5,0,30.6,0.22,,ME2
299,299,0.62,58,0.46,asqp,0.13,0.5,0,31.8,0.22,,ME1
300,300,0.53,68,0.42,mucx,,0.5,0,31.8,0.22,,ME3
301,301,0.73,55,0.41,cdg,0.16,0.5,0,27.6,0.22,,ME2
302,302,0.55,46,0.46,asqp,0.31,0.5,0,34.8,0.48,,ME1
303,303,0.35,60,0.47,mucx,0.13,0.5,0,31.2,0.43,,ME1
304,304,0.77,80,0.51,cdg,0.4,1,0,32.4,0.22,,ME2
305,305,0.77,87,0.47,asqp,0.37,0.5,0,28.8,0.22,,ME3
306,306,0.35,46,0.49,mucx,0.15,1,0,33,0.35,,ME1
307,307,0.43,51,0.48,mucx,0.14,0.5,0,30,0.22,,ME1
308,308,0.57,61,0.45,cdg,0.26,0.5,0,30,0.22,,ME1
309,309,0.63,62,0.42,cdg,0.12,0.5,0,31.2,0.25,,ME1
310,310,0.25,40,0.51,cdg,0.18,0.5,0,30,0.27,,ME1
311,311,0.56,62,0.53,mucx,0.24,0.5,0,34.2,0.22,,ME1
312,312,0.58,60,0.51,cdg,0.24,0.5,0,31.8,0.22,,ME1
313,313,0.71,59,0.53,asqp,0.15,0.5,0,29.4,0.33,,ME1
314,314,0.46,35,0.33,cdg,0.17,0.5,0,33,0.22,,ME3
315,315,0.54,55,0.42,asqp,0.22,0.5,0,28.8,0.22,,ME3
316,316,0.39,44,0.28,mucx,0.12,0.5,0,27.6,0.27,,ME3
317,317,0.33,44,0.49,cdg,0.08,0.5,0,28.8,0.49,,ME1
318,318,0.81,82,0.41,mucx,0.36,0.5,0,23.4,0.22,,ME3
319,319,0.69,60,0.51,asqp,0.13,0.5,0.83,31.2,0.22,,ME2
320,320,0.46,48,0.44,asqp,0.21,0.5,0,33,0.22,,ME2
321,321,0.35,36,0.57,asqp,0.17,0.5,0,31.2,0.22,,ME1
322,322,0.74,72,0.47,cdg,0.25,0.5,0,34.2,0.22,,ME1
323,323,0.54,57,0.52,asqp,0.19,0.5,0,35.4,0.67,,ME1
324,324,0.42,52,0.4,mucx,0.17,0.5,0,30,0.26,,ME3
325,325,0.91,77,0.34,cdg,0.47,0.5,0,31.2,0.31,,ME1
326,326,0.81,90,0.39,mucx,0.41,0.5,0,31.8,0.22,,ME2
327,327,0.45,40,0.56,asqp,0.14,0.5,0,32.4,0.22,,ME1
328,328,0.47,47,0.58,cdg,0.16,0.5,0,29.4,0.28,,ME1
329,329,0.41,39,0.51,asqp,0.52,0.5,0,29.4,0.22,,ME1
330,330,0.37,34,0.32,asqp,0.22,0.5,0,33.6,0.22,,ME3
331,331,0.69,60,0.5,asqp,0.31,0.5,0,33,0.22,,ME1
332,332,0.35,56,0.36,mucx,0.3,0.5,0,31.8,0.25,,ME3
333,333,0.84,66,0.36,mucx,0.78,0.5,0,29.4,0.5,,ME1
334,334,0.51,58,0.54,asqp,0.29,0.5,0,31.8,0.22,,ME1
335,335,0.37,43,0.62,asqp,0.27,0.5,0,28.8,0.22,,ME1
336,336,0.55,66,0.57,cdg,0.32,0.5,0,34.2,0.34,,ME1
337,337,0.48,35,0.42,asqp,0.21,0.5,0,34.2,0.22,,ME1
338,338,0.62,58,0.52,asqp,0.15,0.5,0,31.2,0.29,,ME1
339,339,0.56,59,0.53,asqp,0.16,0.5,0,14.4,0.42,,ME1
340,340,0.44,51,0.37,mucx,0.15,0.5,0,30.6,0.22,,ME3
341,341,0.44,44,0.49,cdg,0.15,0.5,0,27.6,0.27,,ME1
342,342,0.5,50,0.48,asqp,0.17,0.5,0,28.2,0.26,,ME1
343,343,0.6,60,0.49,asqp,0.3,0.5,0,31.8,0.22,,ME1
344,344,0.49,46,0.34,mucx,0.21,0.5,0,33,0.22,,ME3
345,345,0.35,68,0.57,cdg,0.4,0.5,0,31.8,0.36,,ME1
346,346,0.7,69,0.43,cdg,0.33,0.5,0,34.8,0.22,,ME1
347,347,0.23,30,0.58,cdg,0.22,0.5,0,28.8,0.27,,ME1
348,348,0.45,42,0.52,mucx,0.2,0.5,0,30,0.25,,ME1
349,349,0.51,35,0.46,mucx,0.15,0.5,0,30.6,0.42,,ME1
350,350,0.42,39,0.47,asqp,0.13,0.5,0,30,0.27,,ME1
351,351,0.32,38,0.52,cdg,0.2,0.5,0,31.2,0.28,,ME1
352,352,0.59,65,0.52,cdg,0.3,0.5,0,27.6,0.31,,ME1
353,353,0.41,52,0.41,cdg,0.11,0.5,0,32.4,0.35,,ME1
354,354,0.37,33,0.5,cdg,0.12,0.5,0,30.6,0.54,,ME1
355,355,0.45,56,0.49,cdg,0.17,0.5,0,31.2,0.22,,ME1
356,356,0.56,54,0.59,cdg,0.14,0.5,0,31.2,0.27,,ME1
357,357,0.31,31,0.54,cdg,0.18,0.5,0,31.2,0.29,,ME1
358,358,0.27,51,0.47,asqp,0.35,0.5,0,29.4,0.28,,ME1
359,359,0.54,56,0.57,asqp,0.18,0.5,0,27,0.25,,ME1
360,360,0.17,38,0.45,cdg,0.09,0.5,0,32.4,0.27,,ME1
361,361,0.43,51,0.54,asqp,0.15,0.5,0,27,0.26,,ME1
362,362,0.6,40,0.59,asqp,0.18,0.5,0,28.8,0.22,,ME1
363,363,0.91,69,0.57,mucx,0.45,0.5,0,33.6,0.22,,ME2
364,364,0.38,47,0.53,mucx,0.12,0.5,0,28.8,0.22,,ME1
365,365,0.59,43,0.52,asqp,0.19,0.5,0,33,0.27,,ME1
366,366,0.64,53,0.45,mucx,0.13,0.5,0,31.8,0.22,,ME1
367,367,0.49,31,0.34,mucx,0.13,0.5,0,31.2,0.22,,ME3
368,368,0.52,51,0.51,mucx,0.12,0.5,0,30.6,0.4,,ME1
369,369,0.49,43,0.48,cdg,0.15,0.5,0,33,0.25,,ME1
370,370,0.49,47,0.52,cdg,0.16,0.5,0,31.8,0.28,,ME1
371,371,0.48,39,0.49,asqp,0.18,0.5,0,30.6,0.22,,ME1
372,372,0.44,34,0.55,asqp,0.18,0.5,0,31.2,0.22,,ME1
373,373,0.43,54,0.58,mucx,0.16,0.5,0,30,0.36,,ME1
374,374,0.49,42,0.54,mucx,0.17,0.5,0,30,0.36,,ME1
375,375,0.34,66,0.51,cdg,0.16,0.5,0,28.2,0.33,,ME1
376,376,0.2,34,0.33,asqp,0.1,0.5,0,28.8,0.31,,ME3
377,377,0.74,53,0.5,cdg,0.08,0.5,0,33,0.31,,ME1
378,378,0.69,48,0.38,mucx,0.15,0.5,0,33,0.22,,ME2
379,379,0.3,50,0.47,asqp,0.11,0.5,0,27.6,0.22,,ME1
380,380,0.44,51,0.48,cdg,0.38,0.5,0,31.2,0.22,,ME1
381,381,0.31,45,0.5,asqp,0.17,0.5,0,29.4,0.22,rax,ME1
382,382,0.55,41,0.56,asqp,0.21,0.5,0,31.2,0.22,,ME1
383,383,0.4,34,0.52,asqp,0.17,0.5,0,28.2,0.51,,ME1
384,384,0.4,48,0.5,mucx,0.17,0.5,0,32.4,0.5,,ME1
385,385,0.58,48,0.56,asqp,0.1,0.5,0,27.6,0.25,,ME1
386,386,0.58,48,0.56,mucx,0.12,0.5,0,27.6,0.25,,ME1
387,387,0.58,45,0.48,mucx,0.24,0.5,0,31.2,0.37,,ME1
388,388,0.58,41,0.51,cdg,0.26,0.5,0,30.6,0.37,,ME1
389,389,0.41,60,0.53,mucx,0.29,0.5,0,28.2,0.43,,ME1
390,390,0.69,50,0.49,mucx,,0.5,0,29.4,0.22,,MIT
391,391,0.38,49,0.61,mucx,0.13,0.5,0,32.4,0.22,,ME1
392,392,0.6,48,0.44,cdg,0.52,0.5,0,32.4,0.63,,ME1
393,393,0.47,49,0.63,mucx,0.17,0.5,0,18.6,0.26,,ME1
394,394,0.28,51,0.55,cdg,0.11,0.5,0,27.6,0.22,,ME1
395,395,0.56,57,0.63,mucx,0.39,1,0,35.4,0.4,,ME1
396,396,0.21,38,0.49,asqp,0.16,0.5,0,30.6,0.45,,ME1
397,397,0.46,57,0.57,asqp,0.15,0.5,0,31.2,0.26,,ME1
398,398,0.43,42,0.54,cdg,0.22,0.5,0,34.2,0.33,,ME1
399,399,0.57,59,0.5,mucx,0.58,0.5,0,31.8,0.22,,MIT
400,400,0.48,34,0.47,mucx,0.14,0.5,0,28.2,0.26,,ME1
401,401,0.35,40,0.53,asqp,0.18,0.5,0,25.2,0.38,,ME1
402,402,0.47,45,0.53,asqp,0.62,0.5,0,27.6,0.22,,MIT
403,403,0.53,43,0.47,mucx,0.15,0.5,0,34.8,0.22,,ME1
404,404,0.46,45,0.56,asqp,0.16,0.5,0,33.6,0.22,,ME1
405,405,0.44,42,0.62,asqp,0.14,0.5,0,33,0.37,,ME1
406,406,0.37,34,0.58,mucx,0.24,0.5,0,26.4,0.18,uxv,ME1
407,407,0.37,34,0.58,mucx,0.24,0.5,0,26.4,0.18,,ME1
408,408,0.39,39,0.55,cdg,0.52,0.5,0,22.2,0.16,,ME1
409,409,0.39,39,0.55,asqp,0.52,0.5,0,22.2,0.16,,ME1
410,410,0.48,46,0.38,cdg,0.29,0.5,0,31.8,0.22,,ME3
411,411,0.48,57,0.5,cdg,0.09,0.5,0,31.2,0.42,,ME1
412,412,0.61,57,0.45,cdg,0.21,0.5,0,30,0.42,,ME1
413,413,0.56,44,0.56,mucx,0.19,0.5,0,32.4,0.22,,ME1
414,414,0.51,63,0.3,mucx,0.35,0.5,0,31.8,0.27,,ME3
415,415,0.53,68,0.34,asqp,0.42,0.5,0,32.4,0.27,rax,ME3
416,416,0.37,22,0.64,asqp,0.35,0.5,0,28.2,0.22,,ME1
417,417,0.51,48,0.58,cdg,0.22,0.5,0,30,0.28,,ME1
418,418,0.49,37,0.59,mucx,0.17,0.5,0,30.6,0.22,,ME1
419,419,0.51,48,0.58,cdg,0.22,0.5,0,30,0.28,,ME1
420,420,0.53,53,0.53,cdg,0.17,0.5,0,29.4,0.37,,ME1
421,421,0.29,68,0.47,cdg,0.26,0.5,0,28.2,0.37,,ME1
422,422,0.5,45,0.49,mucx,0.15,0.5,0,33,0.43,,ME1
423,423,0.33,28,0.31,asqp,0.24,0.5,0,31.8,0.22,,ME3
424,424,0.85,85,0.3,asqp,0.31,0.5,0,33,0.42,,ME1
425,425,0.43,39,0.51,asqp,0.28,0.5,0,24,0.22,,ME1
426,426,0.61,54,0.49,cdg,0.16,0.5,0,32.4,0.42,,ME1
427,427,0.34,35,0.61,cdg,0.19,0.5,0,31.2,0.25,rux,ME1
428,428,0.55,53,0.56,asqp,0.29,0.5,0,28.8,0.22,,MIT
429,429,0.66,62,0.52,asqp,0.17,0.5,0,29.4,0.22,,ME1
430,430,0.44,41,0.58,mucx,0.2,0.5,0,34.2,0.25,,ME1
431,431,0.37,62,0.34,asqp,0.25,0.5,0,30.6,0.22,,ME3
432,432,0.45,56,0.51,cdg,0.64,0.5,0,32.4,0.22,,MIT
433,433,0.38,46,0.52,asqp,0.75,0.5,0,30,0.26,,MIT
434,434,0.61,54,0.49,cdg,0.19,0.5,0,32.4,0.47,,ME1
435,435,0.44,53,0.52,cdg,0.37,0.5,0,30,0.22,,ME1
436,436,0.44,53,0.52,asqp,0.37,0.5,0,30,0.22,,ME1
437,437,0.32,34,0.61,cdg,0.17,0.5,0,31.2,0.32,,ME1
438,438,0.34,34,0.61,mucx,0.18,0.5,0,31.2,0.32,,ME1
439,439,0.51,68,0.49,asqp,0.59,0.5,0,32.4,0.27,rux,MIT
440,440,0.41,30,0.49,mucx,0.28,0.5,0,32.4,0.22,,ME1
441,441,0.41,43,0.5,mucx,0.28,0.5,0,30,0.22,,ME1
442,442,0.3,50,0.34,asqp,0.26,0.5,0,30.6,0.22,,ME3
443,443,0.49,40,0.34,asqp,0.26,0.5,0,30,0.22,,ME3
444,444,0.34,40,0.3,asqp,0.23,0.5,0,30.6,0.22,,ME3
445,445,0.43,44,0.3,cdg,0.18,0.5,0,30.6,0.22,,ME3
446,446,0.43,45,0.37,asqp,0.12,0.5,0,28.8,0.22,,ME3
447,447,0.45,57,0.3,mucx,0.17,0.5,0,30.6,0.22,,ME3
448,448,0.45,57,0.3,cdg,0.17,0.5,0,30.6,0.22,,ME3
449,449,0.42,44,0.33,mucx,0.17,0.5,0,32.4,0.27,,ME3
450,450,0.52,50,0.53,asqp,0.1,0.5,0,28.8,0.22,,ME2
451,451,0.53,56,0.49,cdg,0.46,0.5,0,31.2,0.22,,MIT
452,452,0.45,54,0.54,mucx,0.62,0.5,0,31.8,0.22,,MIT
453,453,0.51,43,0.63,mucx,0.18,0.5,0,31.2,0.22,,ME1
454,454,0.51,52,0.48,asqp,0.5,0.5,0,30.6,0.22,,MIT
455,455,0.55,49,0.5,cdg,0.46,0.5,0,31.2,0.25,,MIT
456,456,0.5,46,0.52,asqp,0.16,0.5,0,31.2,0.26,,ME1
457,457,0.5,53,0.45,cdg,0.44,0.5,0,29.4,0.22,,MIT
458,458,0.45,59,0.53,asqp,0.74,0.5,0,28.2,0.25,,MIT
459,459,0.57,61,0.55,mucx,0.67,0.5,0,28.8,0.22,,MIT
460,460,0.54,45,0.62,asqp,0.13,0.5,0,31.2,0.26,,ME1
461,461,0.67,51,0.53,cdg,0.28,0.5,0,30.6,0.22,rax,MIT
462,462,0.35,49,0.47,cdg,0.22,0.5,0,30,0.28,,MIT
463,463,0.47,63,0.66,mucx,0.45,0.5,0,22.2,0.11,,MIT
464,464,0.51,34,0.43,asqp,0.18,0.5,0,28.8,0.25,,ME1
465,465,0.56,45,0.59,mucx,0.14,0.5,0,30.6,0.26,,ME1
466,466,0.45,38,0.59,asqp,0.18,0.5,0,26.4,0.45,,ME1
467,467,0.43,51,0.6,cdg,0.25,0.5,0,33,0.22,,ME1
468,468,0.47,59,0.43,cdg,0.13,0.5,0,33.6,0.3,,ME3
469,469,0.4,45,0.42,mucx,0.17,0.5,0,32.4,0.26,,ME3
470,470,0.89,81,0.36,asqp,0.71,0.5,0,33,0.63,,ME1
471,471,0.58,55,0.52,asqp,0.22,0.5,0,26.4,0.22,,MIT
472,472,0.59,57,0.46,mucx,0.14,0.5,0,31.2,0.22,,MIT
473,473,0.49,41,0.32,cdg,0.21,0.5,0,30,0.32,,ME3
474,474,0.35,53,0.35,cdg,0.33,0.5,0,30,0.32,,ME3
475,475,0.42,32,0.61,asqp,0.13,0.5,0,8.4,0.27,,ME1
476,476,0.5,46,0.42,cdg,0.32,0.5,0,33.6,0.55,,ME3
477,477,0.68,50,0.43,asqp,0.27,0.5,0,36.6,0.22,,ME2
478,478,0.5,45,0.49,asqp,0.3,0.5,0,28.2,0.4,,ME1
479,479,0.46,41,0.5,cdg,0.44,0.5,0,31.8,0.22,,MIT
480,480,0.32,36,0.34,mucx,0.19,0.5,0,33,0.26,,ME3
481,481,0.4,51,0.42,cdg,0.13,0.5,0,27,0.25,,ME3
482,482,0.7,73,0.37,mucx,0.37,0.5,0,28.8,0.31,,ME1
483,483,0.81,76,0.32,asqp,0.37,0.5,0,30.6,0.22,,ME2
484,484,0.65,61,0.39,asqp,0.3,0.5,0,34.2,0.28,,ME3
485,485,0.47,43,0.35,mucx,0.32,0.5,0,32.4,0.22,,ME3
486,486,0.42,25,0.6,asqp,0.14,0.5,0,27,0.22,,ME1
487,487,0.23,34,0.41,mucx,0.28,0.5,0,30,0.27,,ME1
488,488,0.85,56,0.33,cdg,0.38,1,0,33,0.25,,ME2
489,489,0.34,31,0.6,cdg,0.37,0.5,0,30,0.3,,ME1
490,490,0.59,53,0.47,mucx,0.26,0.5,0,31.8,0.31,,ME1
491,491,0.67,63,0.34,asqp,0.41,0.5,0,36,0.33,,ME1
492,492,0.7,73,0.38,mucx,0.36,0.5,0,32.4,0.22,,ME1
493,493,0.54,51,0.54,cdg,0.52,0.5,0,28.2,0.25,,MIT
494,494,0.53,50,0.54,mucx,0.56,0.5,0,29.4,0.41,,MIT
495,495,0.84,63,0.38,asqp,0.23,0.5,0,31.8,0.22,,ME3
496,496,0.89,77,0.36,cdg,0.34,0.5,0,26.4,0.22,,ME3
497,497,0.48,43,0.45,mucx,0.17,0.5,0,28.8,0.37,,ME3
498,498,0.36,35,0.47,asqp,0.22,0.5,0,26.4,0.31,,ME3
499,499,0.57,49,0.48,cdg,0.16,0.5,0,30.6,0.22,,ME1
500,500,0.43,52,0.53,asqp,0.52,1,0,29.4,0.22,,ME1
501,501,0.38,49,0.54,mucx,1,0.5,0,30,0.27,,ME1
502,502,0.43,32,0.56,cdg,0.27,0.5,0,28.2,0.27,,ME1
503,503,0.84,87,0.45,mucx,0.54,0.5,0,16.8,0.22,,ME1
504,504,0.27,56,0.56,mucx,0.18,0.5,0,31.2,0.22,,ME1
505,505,0.89,82,0.6,cdg,0.49,0.5,0,33,0.22,,ME2
506,506,0.86,92,0.5,mucx,0.37,1,0,31.8,0.32,,ME2
507,507,0.37,55,0.29,asqp,0.32,0.5,0,30.6,0.22,,ME3
508,508,0.87,83,0.57,mucx,0.36,0.5,0,21.6,0.22,,ME3
509,509,0.43,45,0.54,asqp,0.14,0.5,0,30,0.31,,ME1
510,510,0.52,48,0.54,asqp,0.28,0.5,0,32.4,0.22,,ME1
511,511,0.77,60,0.42,asqp,0.33,0.5,0,34.2,0.22,,ME2
512,512,0.76,74,0.56,asqp,0.34,0.5,0,30.6,0.3,,ME2
513,513,0.58,76,0.4,mucx,0.37,0.5,0,32.4,0.3,,ME2
514,514,0.94,60,0.33,mucx,0.49,0.5,0,32.4,0.22,,ME2
515,515,0.36,44,0.57,asqp,0.18,0.5,0,25.2,0.22,,MIT
516,516,0.42,51,0.39,cdg,0.22,0.5,0,29.4,0.26,,ME3
517,517,0.52,48,0.58,asqp,0.55,0.5,0,28.8,0.22,,ME1
518,518,0.42,32,0.48,cdg,0.16,0.5,0,33,0.22,,ME3
519,519,0.43,38,0.51,mucx,0.24,0.5,0,27.6,0.33,,ME1
520,520,0.48,57,0.52,cdg,0.61,0.5,0,30.6,0.22,,MIT
521,521,0.83,53,0.52,mucx,0.2,0.5,0,28.8,0.25,,ME2
522,522,0.36,34,0.46,asqp,0.19,0.5,0,31.2,0.22,,ME2
523,523,0.51,43,0.47,cdg,0.19,0.5,0,31.2,0.37,,ME1
524,524,0.54,54,0.49,asqp,0.14,0.5,0,33.6,0.22,,ME1
525,525,0.44,41,0.44,cdg,0.13,0.5,0,29.4,0.42,,ME1
526,526,0.52,62,0.54,mucx,0.19,0.5,0,30,0.22,,MIT
527,527,0.46,40,0.38,cdg,0.18,0.5,0,29.4,0.22,,ME3
528,528,0.68,50,0.55,asqp,0.65,0.5,0,27.6,0.31,,MIT
529,529,0.53,44,0.47,asqp,0.22,0.5,0,31.8,0.22,,ME1
530,530,0.48,48,0.5,asqp,0.47,0.5,0,33,0.22,,MIT
531,531,0.46,14,0.36,mucx,0.21,0.5,0,30,0.25,,ME3
532,532,0.5,45,0.48,cdg,0.17,0.5,0,30,0.26,,ME1
533,533,0.44,53,0.43,cdg,0.17,0.5,0,32.4,0.75,,ME1
534,534,0.46,47,0.46,asqp,0.16,0.5,0,30.6,0.22,,ME1
535,535,0.52,49,0.57,cdg,0.57,0.5,0,30.6,0.22,,ME1
536,536,0.62,64,0.56,cdg,0.2,0.5,0,28.8,0.33,,ME1
537,537,0.46,32,0.58,asqp,0.17,0.5,0,36.6,0.25,,ME1
538,538,0.78,48,0.47,mucx,0.3,0.5,0,31.8,0.47,,ME2
539,539,0.49,62,0.65,cdg,0.18,0.5,0,27.6,0.43,,ME1
540,540,0.5,34,0.62,cdg,0.19,0.5,0,34.2,0.22,,ME1
541,541,0.39,37,0.33,asqp,0.23,0.5,0,31.8,0.26,,ME3
542,542,0.39,37,0.56,asqp,0.15,0.5,0,30,0.27,,ME1
543,543,0.33,37,0.54,asqp,0.28,0.5,0,31.8,0.27,,ME1
544,544,0.39,37,0.33,mucx,0.23,0.5,0,31.2,0.26,,ME3
545,545,0.33,38,0.53,mucx,0.26,0.5,0,31.2,0.27,,ME1
546,546,0.48,51,0.57,cdg,0.24,0.5,0,30,0.22,,ME1
547,547,0.5,62,0.54,mucx,0.66,0.5,0,29.4,0.22,,MIT
548,548,0.47,54,0.54,cdg,0.48,0.5,0,31.8,0.26,,MIT
549,549,0.72,58,0.42,asqp,0.28,0.5,0,28.8,0.22,,MIT
550,550,0.41,41,0.51,asqp,0.19,0.5,0,34.2,0.22,,MIT
551,551,0.81,65,0.52,cdg,0.41,0.5,0,34.2,0.26,,MIT
552,552,0.5,49,0.52,mucx,0.2,0.5,0,25.8,0.52,,ME1
553,553,0.18,48,0.46,mucx,0.12,0.5,0,0,0.25,uxv,ME1
554,554,0.26,38,0.52,cdg,0.36,0.5,0,28.8,0.56,,ME1
555,555,0.53,51,0.51,cdg,0.11,0.5,0,29.4,0.41,,ME1
556,556,0.58,49,0.5,mucx,0.41,0.5,0,34.2,0.22,,MIT
557,557,0.62,60,0.47,mucx,0.16,0.5,0,31.8,0.22,,ME1
558,558,0.68,58,0.51,mucx,0.19,0.5,0.83,32.4,0.22,,ME2
559,559,0.4,52,0.53,cdg,0.52,0.5,0,30.6,0.22,,MIT
560,560,0.51,47,0.41,asqp,0.44,0.5,0,30,0.22,,ME3
561,561,0.72,56,0.4,mucx,0.26,0.5,0,30.6,0.26,,ME2
562,562,0.49,44,0.45,asqp,0.22,0.5,0,30.6,0.22,,ME1
563,563,0.32,47,0.55,asqp,0.25,0.5,0,29.4,0.22,,MIT
564,564,0.46,57,0.52,cdg,0.28,0.5,0,31.2,0.22,,ME1
565,565,0.53,48,0.45,mucx,0.44,0.5,0,29.4,0.27,,MIT
566,566,0.49,48,0.46,mucx,0.63,0.5,0,31.2,0.22,,MIT
567,567,0.7,53,0.42,mucx,0.22,0.5,0,30.6,0.28,,ME1
568,568,0.68,68,0.49,asqp,0.15,0.5,0,31.8,0.22,,ME3
569,569,0.47,60,0.35,cdg,0.21,0.5,0,31.2,0.22,,ME3
570,570,0.55,49,0.45,asqp,0.18,0.5,0,29.4,0.22,,ME1
571,571,0.4,53,0.61,cdg,0.21,0.5,0,28.8,0.33,,ME1
572,572,0.57,44,0.42,mucx,0.2,0.5,0,32.4,0.22,,ME1
573,573,0.4,47,0.48,mucx,0.18,0.5,0,27.6,0.22,,ME1
574,574,0.34,54,0.54,asqp,0.13,0.5,0,31.2,0.22,,ME1
575,575,0.43,83,0.55,mucx,0.2,0.5,0,28.2,0.4,,ME1
576,576,0.55,65,0.5,mucx,0.28,0.5,0,33,0.22,,ME1
577,577,0.29,46,0.54,asqp,0.27,0.5,0,29.4,0.22,,ME1
578,578,0.46,42,0.6,asqp,0.21,0.5,0,24,0.22,rax,ME3
579,579,0.8,81,0.55,mucx,0.35,0.5,0,25.2,0.22,,ME3
580,580,0.79,74,0.49,mucx,0.33,0.5,0,28.8,0.22,,ME3
581,581,0.45,48,0.63,asqp,0.67,0.5,0,28.8,0.22,,MIT
582,582,0.66,52,0.52,cdg,0.44,0.5,0,33.6,0.27,,MIT
583,583,0.5,49,0.59,mucx,0.47,0.5,0,29.4,0.36,,MIT
584,584,0.54,52,0.54,cdg,0.2,0.5,0,33,0.25,,ME1
585,585,0.37,31,0.53,mucx,0.16,0.5,0,31.8,0.44,,ME1
586,586,0.43,39,0.59,mucx,0.13,0.5,0,24.6,0.43,,ME1
587,587,0.48,47,0.54,cdg,0.55,0.5,0,30.6,0.65,,MIT
588,588,0.6,59,0.45,asqp,0.23,0.5,0,33,0.22,,MIT
589,589,0.45,73,0.47,mucx,0.65,0.5,0,32.4,0.43,,MIT
590,590,0.66,54,0.49,asqp,0.16,0.5,0,32.4,0.36,,ME1
591,591,0.46,55,0.61,asqp,0.13,0.5,0,28.2,0.22,,ME1
592,592,0.42,50,0.53,asqp,0.22,0.5,0.83,30,0.22,,ME2
593,593,0.66,66,0.32,asqp,0.54,0.5,0,30.6,0.22,,ME2
594,594,0.74,56,0.35,asqp,0.36,0.5,0,30.6,0.25,,ME2
595,595,0.89,52,0.41,cdg,0.26,0.5,0,31.2,0.31,,ME2
596,596,0.67,51,0.54,mucx,0.21,0.5,0,25.8,0.3,,MIT
597,597,0.58,46,0.46,mucx,0.34,0.5,0,30,0.43,,ME1
598,598,0.4,68,0.5,mucx,0.82,0.5,0,26.4,0.36,,MIT
599,599,0.59,57,0.43,mucx,0.26,0.5,0,30.6,0.22,,MIT
600,600,0.39,30,0.56,mucx,0.12,0.5,0,31.8,0.38,,ME1
601,601,0.6,62,0.54,mucx,0.4,0.5,0,30,0.22,,MIT
602,602,0.36,40,0.53,asqp,0.48,0.5,0,28.8,0.22,,MIT
603,603,0.51,42,0.56,cdg,0.38,0.5,0,27.6,0.22,,MIT
604,604,0.41,54,0.58,asqp,0.2,0.5,0,31.2,0.22,,MIT
605,605,0.57,40,0.62,cdg,0.3,0.5,0,28.8,0.11,,MIT
606,606,0.52,50,0.59,cdg,0.31,0.5,0,30,0.22,rax,MIT
607,607,0.42,53,0.53,cdg,0.64,0.5,0,28.2,0.22,,MIT
608,608,0.5,46,0.64,asqp,0.36,0.5,0,29.4,0.22,,MIT
609,609,0.6,51,0.6,mucx,0.38,0.5,0.83,31.2,0.24,,MIT
610,610,0.45,38,0.64,mucx,0.14,0.5,0,32.4,0.22,,MIT
611,611,0.6,57,0.64,mucx,0.52,0.5,0,28.2,0.28,,MIT
612,612,0.53,42,0.58,asqp,0.29,0.5,0,30,0.22,,MIT
613,613,0.41,52,0.53,mucx,0.41,0.5,0,23.4,0.33,,MIT
614,614,0.45,43,0.63,cdg,0.4,0.5,0,35.4,0.11,,MIT
615,615,0.44,44,0.67,mucx,0.35,0.5,0,28.8,0.26,,MIT
616,616,0.58,52,0.61,asqp,0.33,0.5,0,22.8,0.11,,MIT
617,617,0.57,61,0.55,mucx,0.27,0.5,0,26.4,0.21,,MIT
618,618,0.57,58,0.58,mucx,0.35,0.5,0,29.4,0.22,,MIT
619,619,0.64,64,0.56,asqp,0.21,0.5,0,30,0.22,uax,MIT
620,620,0.56,50,0.61,cdg,0.49,0.5,0,27.6,0.28,,MIT
621,621,0.6,46,0.59,mucx,0.16,0.5,0,29.4,0.22,,MIT
622,622,0.36,38,0.56,mucx,0.44,0.5,0,28.8,0.22,,MIT
623,623,0.53,52,0.61,cdg,0.35,0.5,0,30,0.22,,MIT
624,624,0.62,59,0.54,mucx,0.47,0.5,0,27.6,0.22,,MIT
625,625,0.55,50,0.6,cdg,0.31,0.5,0,27.6,0.27,,MIT
626,626,0.58,53,0.57,asqp,0.46,0.5,0,30.6,0.27,,MIT
627,627,0.65,53,0.55,mucx,0.52,0.5,0,28.2,0.27,,MIT
628,628,0.38,54,0.54,asqp,0.41,0.5,0,30.6,0.22,,MIT
629,629,0.58,53,0.5,cdg,0.53,0.5,0,28.2,0.31,,MIT
630,630,0.61,46,0.51,asqp,0.37,0.5,0,30.6,0.22,,MIT
631,631,0.55,59,0.47,asqp,0.64,0.5,0,32.4,0.33,,MIT
632,632,0.54,64,0.5,mucx,0.13,0.5,0,29.4,0.22,,MIT
633,633,0.4,74,0.49,mucx,0.16,0.5,0,30.6,0.22,,MIT
634,634,0.76,76,0.35,cdg,0.27,0.5,0,26.4,0.22,,ME1
635,635,0.51,56,0.51,cdg,0.42,0.5,0,31.8,0.36,,MIT
636,636,0.43,32,0.5,asqp,0.29,0.5,0,30,0.22,,MIT
637,637,0.49,44,0.45,asqp,0.55,0.5,0,28.8,0.22,,MIT
638,638,0.32,45,0.44,asqp,0.2,0.5,0,33,0.33,uax,ME1
639,639,0.51,60,0.51,asqp,0.26,0.5,0,32.4,0.22,,ME1
640,640,0.49,46,0.42,mucx,0.46,0.5,0,33,0.22,,ME1
641,641,0.5,56,0.49,mucx,0.61,0.5,0,30,0.22,,MIT
642,642,0.51,48,0.51,mucx,0.43,0.5,0,29.4,0.22,,MIT
643,643,0.52,38,0.62,mucx,0.12,0.5,0,24.6,0.28,,ME1
644,644,0.53,40,0.57,mucx,0.12,0.5,0,31.8,0.32,,ME1
645,645,0.51,56,0.62,mucx,0.24,0.5,0,31.2,0.51,,ME1
646,646,0.63,60,0.5,asqp,0.27,0.5,0,33,0.22,,MIT
647,647,0.46,44,0.53,cdg,0.31,0.5,0,28.8,0.22,,MIT
648,648,0.58,57,0.54,mucx,0.69,0.5,0,32.4,0.22,,MIT
649,649,0.61,59,0.47,mucx,0.49,0.5,0,32.4,0.22,uxv,MIT
650,650,0.63,47,0.56,asqp,0.12,0.5,0,30,0.22,,MIT
651,651,0.55,53,0.54,asqp,0.4,0.5,0,28.8,0.22,,MIT
652,652,0.41,47,0.58,cdg,0.62,0.5,0,30,0.22,uxv,MIT
653,653,0.44,53,0.53,asqp,0.37,0.5,0,30.6,0.22,,MIT
654,654,0.57,40,0.48,cdg,0.24,0.5,0,33,0.22,,ME1
655,655,0.46,46,0.56,mucx,0.12,0.5,0,33,0.22,,MIT
656,656,0.47,46,0.55,asqp,0.28,0.5,0,26.4,0.46,,ME1
657,657,0.39,35,0.49,mucx,0.17,0.5,0,29.4,0.22,,ME1
658,658,0.58,38,0.4,mucx,0.21,0.5,0,30,0.22,,ME1
659,659,0.53,41,0.5,asqp,0.24,1,0,28.2,0.22,,ME1
660,660,0.43,40,0.5,asqp,0.18,0.5,0,30,0.28,,ME1
661,661,0.41,59,0.46,mucx,0.19,0.5,0,21.6,0.22,,ME3
662,662,0.58,56,0.52,cdg,0.25,0.5,0,34.2,0.35,,ME1
663,663,0.51,65,0.53,mucx,0.19,0.5,0,29.4,0.22,,ME3
664,664,0.81,79,0.32,mucx,0.37,0.5,0,24.6,0.22,,ME1
665,665,0.44,41,0.29,mucx,0.21,0.5,0,29.4,0.22,,ME3
666,666,0.49,60,0.55,mucx,0.17,0.5,0,26.4,0.22,,ME1
667,667,0.56,63,0.52,mucx,0.2,0.5,0,20.4,0.26,,ME1
668,668,0.42,28,0.57,mucx,0.18,0.5,0,25.2,0.22,,ME1
669,669,0.51,46,0.54,asqp,0.41,0.5,0,31.8,0.22,,MIT
670,670,0.6,51,0.52,asqp,0.45,0.5,0,30,0.27,,MIT
671,671,0.37,41,0.45,mucx,0.14,0.5,0,28.2,0.22,,ME1
672,672,0.37,51,0.57,mucx,0.4,0.5,0,28.8,0.27,,MIT
673,673,0.36,39,0.55,mucx,0.26,0.5,0,29.4,0.22,,ME1
674,674,0.5,36,0.53,cdg,0.41,0.5,0,33,0.36,,ME1
675,675,0.59,58,0.39,asqp,0.52,0.5,0,30,0.31,,ME1
676,676,0.78,63,0.53,cdg,0.13,0.5,0,32.4,0.22,,ME2
677,677,0.47,59,0.37,asqp,0.31,0.5,0,30.6,0.36,,ME1
678,678,0.48,62,0.52,asqp,0.3,0.5,0,30.6,0.37,,ME1
679,679,0.53,61,0.51,mucx,0.49,0.5,0,32.4,0.27,,MIT
680,680,0.48,54,0.53,asqp,0.6,0.5,0,31.8,0.31,,ME1
681,681,0.33,46,0.53,asqp,0.29,0.5,0,30,0.55,,ME1
682,682,0.36,44,0.51,cdg,0.17,0.5,0,36,0.19,,ME1
683,683,0.39,34,0.68,mucx,0.3,0.5,0,30,0.29,,ME1
684,684,0.11,41,0.67,cdg,0.13,0.5,0,27,0.29,,ME1
685,685,0.4,53,0.44,cdg,0.18,0.5,0,32.4,0.31,,ME1
686,686,0.47,50,0.55,asqp,0.19,0.5,0,37.2,0.22,,ME1
687,687,0.35,50,0.44,mucx,0.27,0.5,0,30.6,0.22,,ME1
688,688,0.36,30,0.5,mucx,0.19,0.5,0,33,0.3,,ME1
689,689,0.49,44,0.51,cdg,0.18,0.5,0,31.2,0.27,,ME1
690,690,0.35,44,0.54,asqp,0.26,0.5,0,31.2,0.26,,ME1
691,691,0.43,28,0.53,mucx,0.34,0.5,0,33,0.57,,ME1
692,692,0.33,48,0.55,cdg,0.16,0.5,0,31.8,0.75,,ME1
693,693,0.45,21,0.49,mucx,0.24,0.5,0,27.6,0.31,,ME1
694,694,0.44,34,0.61,asqp,0.13,0.5,0,29.4,0.26,,ME1
695,695,0.87,47,0.6,mucx,0.47,0.5,0,35.4,0.22,,ME1
696,696,0.3,55,0.58,asqp,0.16,0.5,0,36.6,0.28,,ME1
697,697,0.29,34,0.55,asqp,0.24,0.5,0,30.6,0.22,,ME1
698,698,0.75,67,0.51,asqp,0.29,0.5,0,31.2,0.36,,MIT
699,699,0.47,47,0.5,mucx,0.15,0.5,0,30,0.48,,ME1
700,700,0.51,34,0.49,cdg,0.16,0.5,0,31.8,0.21,,ME1
701,701,0.64,76,0.51,asqp,0.18,0.5,0,27.6,0.22,rux,ME1
702,702,0.45,41,0.58,asqp,0.48,0.5,0,31.8,0.64,,ME1
703,703,0.9,54,0.59,mucx,0.2,0.5,0,28.8,0.22,,ME1
704,704,0.88,59,0.54,mucx,0.39,0.5,0,24.6,0.3,,ME1
705,705,0.7,51,0.47,cdg,0.24,0.5,0,31.8,0.25,,ME1
706,706,0.25,36,0.58,cdg,0.3,0.5,0,34.8,0.31,,ME1
707,707,0.69,62,0.49,cdg,0,1,0,28.2,0.22,,ME1
708,708,0.83,57,0.42,mucx,0.57,0.5,0,30,0.32,,ME2
709,709,0.43,38,0.38,cdg,0.12,0.5,0,30,0.22,,ME2
710,710,0.78,65,0.4,cdg,0.16,0.5,0,37.8,0.22,,MIT
711,711,0.52,64,0.34,asqp,0.16,0.5,0,34.2,0.22,,MIT
712,712,0.75,66,0.64,asqp,0.39,0.5,0,27.6,0.32,,MIT
713,713,0.41,49,0.58,mucx,0.22,0.5,0,31.2,0.22,,MIT
714,714,0.58,51,0.56,cdg,0.16,0.5,0,20.4,0.22,,ME1
715,715,0.48,49,0.45,cdg,0.23,0.5,0,30.6,0.22,,ME3
716,716,0.39,42,0.49,cdg,0.1,0.5,0,29.4,0.65,,ME1
717,717,0.31,42,0.48,cdg,0.17,0.5,0,29.4,0.53,,ME1
718,718,0.39,28,0.54,cdg,0.14,0.5,0,35.4,0.22,,MIT
719,719,0.76,67,0.37,asqp,0.22,0.5,0,32.4,0.22,,ME2
720,720,0.49,27,0.57,cdg,0.18,0.5,0.83,32.4,0.22,,ME2
721,721,0.28,48,0.56,cdg,0.16,0.5,0,28.8,0.26,,ME1
722,722,0.69,39,0.52,mucx,0.12,0.5,0,22.8,0.35,,ME1
723,723,0.64,52,0.5,mucx,0.26,0.5,0,30.6,0.31,,ME1
724,724,0.56,48,0.5,asqp,0.3,0.5,0,30.6,0.22,,ME1
725,725,0.5,50,0.54,mucx,0.16,0.5,0,29.4,0.22,,ME2
726,726,0.47,43,0.59,asqp,0.27,0.5,0,33,0.22,,ME2
727,727,0.68,59,0.44,mucx,0.49,0.5,0,24,0.26,,ME2
728,728,0.5,51,0.57,asqp,0.27,0.5,0,28.8,0.22,,ME2
729,729,0.45,46,0.61,asqp,0.2,0.5,0,37.2,0.22,,ME1
730,730,0.53,51,0.36,asqp,0.13,0.5,0,31.2,0.22,,ME3
731,731,0.6,54,0.54,cdg,0.53,0.5,0,31.2,0.27,,MIT
732,732,0.49,52,0.53,cdg,0.7,0.5,0,30.6,0.22,,MIT
733,733,0.49,45,0.53,cdg,0.16,0.5,0,29.4,0.31,,ME1
734,734,0.51,46,0.57,mucx,0.25,0.5,0,31.8,0.22,,ME1
735,735,0.49,45,0.46,cdg,0.18,0.5,0,29.4,0.31,,ME1
736,736,0.52,46,0.51,cdg,0.18,0.5,0,30,0.22,,ME1
737,737,0.55,59,0.52,asqp,0.1,0.5,0,31.8,0.22,,ME1
738,738,0.39,58,0.5,cdg,0.1,0.5,0,30.6,0.25,,ME1
739,739,0.7,84,0.49,cdg,0.28,1,0,34.8,0.22,,ME2
740,740,0.33,38,0.45,mucx,0.19,0.5,0,32.4,0.37,,ME1
741,741,0.61,46,0.44,cdg,0.47,0.5,0,30,0.37,,ME1
742,742,0.41,48,0.38,mucx,0.13,0.5,0,30.6,0.35,,ME3
743,743,0.37,42,0.6,asqp,0.13,0.5,0,30.6,0.22,,ME1
744,744,0.45,58,0.59,cdg,0.44,0.5,0,33.6,0.22,,MIT
745,745,0.74,89,0.32,cdg,0.24,0.5,0,32.4,0.32,,ME1
746,746,0.28,46,0.26,asqp,0.18,0.5,0,23.4,0.22,,ME3
747,747,0.51,46,0.49,cdg,0.21,0.5,0,33,0.22,,ME3
748,748,0.8,82,0.57,mucx,0.26,0.5,0,34.2,0.27,rax,ME3
749,749,0.46,49,0.45,cdg,0.28,0.5,0,33,0.22,,ME3
750,750,0.4,36,0.55,asqp,0.15,0.5,0,31.8,0.22,rux,ME3
751,751,0.67,46,0.58,cdg,0.3,0.5,0,34.2,0.27,,ME1
752,752,0.5,32,0.49,mucx,0.49,0.5,0,28.8,0.32,,MIT
753,753,0.45,53,0.47,cdg,0.43,0.5,0,30,0.27,,MIT
754,754,0.75,60,0.43,mucx,0.35,0.5,0,27,0.27,,MIT
755,755,0.56,68,0.52,asqp,0.39,0.5,0,21.6,0.22,,MIT
756,756,0.48,45,0.59,cdg,0.35,0.5,0,33,0.3,,MIT
757,757,0.26,28,0.6,mucx,0.2,0.5,0,32.4,0.31,,MIT
758,758,0.59,45,0.58,asqp,0.21,0.5,0,29.4,0.22,,MIT
759,759,0.48,52,0.49,asqp,0.35,0.5,0.5,30.6,0.22,,MIT
760,760,0.59,58,0.47,asqp,0.61,0.5,0,26.4,0.3,rax,MIT
761,761,0.5,57,0.62,cdg,0.25,0.5,0,30.6,0.22,,MIT
762,762,0.57,49,0.5,asqp,0.2,0.5,0,30.6,0.28,,ME1
763,763,0.62,43,0.49,cdg,0.29,0.5,0,30,0.27,,ME1
764,764,0.45,41,0.49,asqp,0.14,1,0,31.8,0.3,,ME1
765,765,0.47,49,0.6,asqp,0.15,0.5,0,22.8,0.22,,ME1
766,766,0.41,48,0.54,asqp,0.24,0.5,0,22.2,0.51,,ME1
767,767,0.46,46,0.53,mucx,0.23,0.5,0,30.6,0.22,,ME1
768,768,0.48,42,0.48,mucx,0.19,0.5,0,34.8,0.22,,ME1
769,769,0.43,45,0.53,cdg,0.19,0.5,0,33.6,0.22,,ME1
770,770,0.28,36,0.55,mucx,0.15,0.5,0,34.2,0.22,,ME1
771,771,0.48,46,0.58,asqp,0.26,0.5,0,26.4,0.22,,ME1
772,772,0.74,72,0.5,cdg,0.28,0.5,0,30,0.27,,ME3
773,773,0.74,72,0.5,mucx,0.28,0.5,0,29.4,0.27,,ME3
774,774,0.38,62,0.52,mucx,0.14,0.5,0,31.8,0.22,,ME1
775,775,0.77,72,0.48,cdg,0.26,0.5,0,30.6,0.22,,ME3
776,776,0.44,42,0.57,cdg,0.22,0.5,0,30,0.25,,ME1
777,777,0.74,74,0.51,asqp,0.27,0.5,0,30,0.22,,ME3
778,778,0.39,81,0.35,mucx,0.28,0.5,0,30.6,0.45,,ME3
779,779,0.53,54,0.43,cdg,0.18,0.5,0,31.8,0.31,,ME1
780,780,0.38,45,0.37,mucx,0.19,0.5,0,31.2,0.3,,ME3
781,781,0.4,37,0.54,cdg,0.13,0.5,0,28.8,0.22,,ME1
782,782,0.31,30,0.34,mucx,0.19,0.5,0,33,0.3,,ME3
783,783,0.5,42,0.57,asqp,0.49,0.5,0,28.8,0.27,,ME1
784,784,0.59,61,0.51,mucx,0.62,0.5,0,30.6,0.38,,MIT
785,785,0.45,40,0.43,mucx,0.22,0.5,0,30.6,0.48,,ME1
786,786,0.47,54,0.53,asqp,0.77,0.5,0,31.2,0.36,,MIT
787,787,0.77,78,0.51,cdg,0.28,0.5,0,19.8,0.22,,ME3
788,788,0.74,71,0.52,cdg,0.3,0.5,0,16.2,0.22,,ME3
789,789,0.77,73,0.51,asqp,0.27,0.5,0,20.4,0.22,,ME3
790,790,0.47,61,0.5,asqp,0.23,0.5,0,29.4,0.22,,ME3
791,791,0.78,69,0.44,asqp,0.26,0.5,0,32.4,0.22,,ME1
792,792,0.49,60,0.3,asqp,0.34,0.5,0,30,0.43,,ME3
793,793,0.27,56,0.3,mucx,0.14,0.5,0,31.2,0.39,uax,ME3
794,794,0.4,39,0.33,cdg,0.17,0.5,0,30.6,0.31,,ME3
795,795,0.55,51,0.54,mucx,0.2,0.5,0,33.6,0.22,,ME1
796,796,0.95,71,0.27,cdg,0.39,0.5,0,18.6,0.22,,ME2
797,797,0.97,71,0.29,mucx,0.42,0.5,0,21,0.22,,ME2
798,798,0.44,43,0.34,asqp,0.21,0.5,0,33,0.4,,ME3
799,799,0.39,49,0.3,asqp,0.19,0.5,0,31.2,0.31,,ME3
800,800,0.38,48,0.51,asqp,0.13,0.5,0,30,0.32,,ME1
801,801,0.37,51,0.39,mucx,0.18,0.5,0,30.6,0.27,,ME3
802,802,0.27,49,0.36,cdg,0.26,0.5,0,29.4,0.26,,ME3
803,803,0.49,48,0.52,cdg,0.2,0.5,0,33,0.22,,ME1
804,804,0.36,39,0.54,asqp,0.16,0.5,0,30,0.28,uax,ME1
805,805,0.54,53,0.48,asqp,0.14,0.5,0,29.4,0.33,,ME1
806,806,0.37,48,0.5,asqp,0.26,0.5,0,31.2,0.39,,ME1
807,807,0.25,39,0.5,asqp,0.23,0.5,0,30,0.28,,ME1
808,808,0.49,71,0.54,cdg,0.13,0.5,0,34.8,0.22,,ME1
809,809,0.56,50,0.56,mucx,0.26,0.5,0,31.8,0.27,,ME1
810,810,0.41,53,0.41,cdg,0.15,0.5,0,32.4,0.25,,ME1
811,811,0.5,45,0.53,asqp,0.21,0.5,0,16.8,0.22,,ME1
812,812,0.46,37,0.48,cdg,0.36,0.5,0,28.8,0.22,,ME2
813,813,0.66,55,0.34,mucx,0.2,0.5,0,37.2,0.22,,ME3
814,814,0.42,65,0.58,asqp,0.34,0.5,0,30,0.22,,MIT
815,815,0.45,47,0.53,mucx,0.15,0.5,0,31.2,0.27,,ME1
816,816,0.42,28,0.51,cdg,0.23,0.5,0,31.8,0.27,,ME1
817,817,0.51,48,0.46,mucx,0.29,0.5,0,32.4,0.22,,ME1
818,818,0.75,69,0.48,asqp,0.13,0.5,0,34.2,0.4,,ME3
819,819,0.69,70,0.5,asqp,0.3,0.5,0,32.4,0.22,,ME3
820,820,0.63,55,0.53,cdg,0.51,0.5,0,33,0.22,,ME3
821,821,0.55,63,0.54,mucx,0.16,0.5,0,27,0.27,,ME1
822,822,0.46,62,0.54,asqp,0.25,0.5,0,27.6,0.22,uax,ME1
823,823,0.53,59,0.48,cdg,0.14,0.5,0,30.6,0.22,,ME1
824,824,0.42,53,0.57,cdg,0.17,0.5,0,29.4,0.22,,ME1
825,825,0.52,46,0.56,asqp,0.2,0.5,0,30,0.22,,ME1
826,826,0.53,43,0.57,cdg,0.24,0.5,0,23.4,0.28,,ME1
827,827,0.33,35,0.56,asqp,0.19,0.5,0,30,0.22,,ME1
828,828,0.45,48,0.56,asqp,0.56,0.5,0,28.2,0.22,,ME1
829,829,0.56,48,0.5,asqp,0.17,0.5,0,30.6,0.26,uxv,ME1
830,830,0.77,57,0.45,asqp,0.17,0.5,0,31.8,0.22,,ME1
831,831,0.56,59,0.54,asqp,0.18,0.5,0,28.8,0.46,,ME1
832,832,0.33,39,0.52,cdg,0.09,0.5,0,28.2,0.28,,ME1
833,833,0.48,41,0.54,mucx,0.39,0.5,0,30.6,0.22,,ME1
834,834,0.3,30,0.46,mucx,0.32,0.5,0,27,0.22,,ME1
835,835,0.38,26,0.6,asqp,0.1,0.5,0,28.8,0.44,,ME1
836,836,0.68,39,0.5,asqp,0.15,0.5,0,28.8,0.37,,ME1
837,837,0.62,41,0.52,mucx,0.17,0.5,0,28.8,0.22,rax,ME1
838,838,0.52,37,0.48,cdg,0.13,0.5,0,33,0.22,,ME1
839,839,0.32,48,0.49,mucx,0.17,0.5,0,28.2,0.22,,ME1
840,840,0.34,35,0.58,cdg,0.2,0.5,0,27.6,0.32,,ME1
841,841,0.33,21,0.53,cdg,0.15,1,0,31.2,0.5,rux,ME1
842,842,0.49,45,0.57,cdg,0.24,0.5,0,28.2,0.38,rax,ME1
843,843,0.4,28,0.48,cdg,0.06,0.5,0,29.4,0.42,,ME1
844,844,0.51,39,0.56,cdg,0.25,0.5,0,30.6,0.33,,ME1
845,845,0.45,45,0.52,cdg,0.17,0.5,0,32.4,0.22,,ME1
846,846,0.28,51,0.55,cdg,0.19,0.5,0,34.2,0.22,,ME1
847,847,0.51,51,0.56,mucx,0.28,0.5,0,32.4,0.27,,ME1
848,848,0.48,56,0.49,asqp,0.32,0.5,0,30,0.22,,ME1
849,849,0.59,46,0.48,cdg,0.46,0.5,0,29.4,0.22,,ME1
850,850,0.51,46,0.4,mucx,0.65,0.5,0,29.4,0.22,,MIT
851,851,0.37,44,0.51,cdg,0.56,0.5,0,30,0.38,,ME1
852,852,0.81,55,0.35,cdg,0.34,0.5,0,30.6,0.22,,ME2
853,853,0.53,45,0.53,cdg,0.18,0.5,0,25.2,0.22,,ME1
854,854,0.45,27,0.5,cdg,0.33,0.5,0,31.8,0.26,,ME1
855,855,0.36,33,0.38,asqp,0.15,0.5,0,33,0.36,,ME3
856,856,0.48,50,0.56,asqp,0.11,0.5,0,19.8,0.22,,ME1
857,857,0.35,47,0.53,mucx,0.19,0.5,0,28.8,0.22,,ME1
858,858,0.48,48,0.56,cdg,0.18,0.5,0,34.8,0.22,,ME1
859,859,0.6,59,0.47,asqp,0.47,0.5,0,31.8,0.22,,MIT
860,860,0.45,53,0.51,mucx,0.42,0.5,0,31.2,0.22,,MIT
861,861,0.29,40,0.41,cdg,0.48,0.5,0,31.8,0.3,,ME1
862,862,0.58,53,0.33,asqp,0.26,0.5,0,30.6,0.22,uxv,ME3
863,863,0.46,43,0.5,mucx,0.24,0.5,0,28.8,0.31,,ME1
864,864,0.43,46,0.5,mucx,0.21,0.5,0,29.4,0.34,,ME1
865,865,0.61,55,0.51,cdg,0.26,0.5,0,31.2,0.22,,ME1
866,866,0.5,62,0.52,mucx,0.3,0.5,0,33.6,0.22,,MIT
867,867,0.49,45,0.54,cdg,0.4,0.5,0,33,0.22,,MIT
868,868,0.64,53,0.59,asqp,0.14,0.5,0,31.8,0.22,,MIT
869,869,0.57,60,0.54,mucx,0.17,0.5,0,31.2,0.22,,MIT
870,870,0.38,31,0.59,mucx,0.19,0.5,0,27.6,0.22,,MIT
871,871,0.68,53,0.44,cdg,0.31,0.5,0,30.6,0.22,,MIT
872,872,0.24,41,0.47,mucx,0.16,0.5,0,30.6,0.38,,ME1
873,873,0.61,39,0.53,cdg,0.14,0.5,0,25.8,0.26,,ME1
874,874,0.39,16,0.59,asqp,0.08,0.5,0,30.6,0.27,,ME1
875,875,0.33,28,0.5,cdg,0.4,0.5,0,27.6,0.61,,ME1
876,876,0.51,55,0.56,asqp,0.18,0.5,0,30,0.38,,ME1
877,877,0.39,44,0.54,asqp,0.24,0.5,0,30.6,0.49,,ME1
878,878,0.43,48,0.53,asqp,0.18,0.5,0,27.6,0.22,,ME1
879,879,0.47,43,0.48,mucx,0.16,0.5,0,27.6,0.27,,ME1
880,880,0.52,50,0.51,asqp,0.2,0.5,0,30.6,0.22,,ME1
881,881,0.33,28,0.52,asqp,0.15,0.5,0,30.6,0.86,,ME1
882,882,0.36,48,0.5,cdg,0.13,0.5,0,29.4,0.6,,ME1
883,883,0.45,54,0.49,asqp,0.29,0.5,0,29.4,0.25,,ME1
884,884,0.55,59,0.53,asqp,0.15,0.5,0,29.4,0.22,,ME1
885,885,0.31,39,0.55,cdg,0.28,0.5,0,27.6,0.31,,ME1
886,886,0.43,41,0.51,asqp,0.34,0.5,0,29.4,0.28,,ME1
887,887,0.64,50,0.53,asqp,0.1,0.5,0,30.6,0.22,,ME1
888,888,0.41,52,0.56,mucx,0.26,0.5,0,28.8,0.32,,ME1
889,889,0.48,47,0.59,asqp,0.41,0.5,0,33.6,0.27,,ME1
890,890,0.49,49,0.51,cdg,0.29,0.5,0,31.2,0.71,,ME1
891,891,0.41,52,0.51,cdg,0.22,0.5,0,31.2,0.44,,ME1
892,892,0.51,61,0.5,asqp,0.23,0.5,0,31.2,0.61,,ME1
893,893,0.59,47,0.51,cdg,0.53,0.5,0,31.8,0.26,,ME1
894,894,0.4,60,0.5,asqp,0.16,0.5,0,30.6,0.22,,ME1
895,895,0.54,53,0.53,asqp,0.17,0.5,0,30.6,0.39,,ME1
896,896,0.61,46,0.54,mucx,0.11,0.5,0,28.2,0.22,rux,ME1
897,897,0.66,55,0.54,asqp,0.18,0.5,0,25.8,0.22,,ME1
898,898,0.53,46,0.54,cdg,0.37,0.5,0,30.6,0.3,,ME1
899,899,0.41,41,0.43,asqp,0.61,0.5,0,31.8,0.22,,MIT
900,900,0.58,31,0.6,asqp,0.12,0.5,0,28.2,0.33,,ME1
901,901,0.49,67,0.5,asqp,0.28,0.5,0,25.8,0.22,uxv,ME1
902,902,0.44,33,0.55,mucx,0.16,0.5,0,29.4,0.22,,ME1
903,903,0.44,45,0.53,cdg,0.19,0.5,0,24.6,0.28,,ME1
904,904,0.57,55,0.52,cdg,0.16,0.5,0,29.4,0.39,,ME1
905,905,0.45,66,0.39,mucx,0.11,0.5,0,32.4,0.22,,ME3
906,906,0.32,49,0.53,asqp,0.28,0.5,0,30,0.5,,ME1
907,907,0.35,42,0.56,asqp,0.28,0.5,0,28.2,0.22,rax,ME1
908,908,0.46,41,0.58,mucx,0.1,0.5,0,28.8,0.22,,ME1
909,909,0.57,51,0.58,asqp,0.22,0.5,0,30.6,0.22,,ME1
910,910,0.47,47,0.54,asqp,0.19,0.5,0,30.6,0.33,,ME1
911,911,0.34,58,0.5,asqp,0.26,0.5,0,30.6,0.22,,ME1
912,912,0.55,45,0.58,asqp,0.25,0.5,0,29.4,0.22,,ME1
913,913,0.4,66,0.34,cdg,0.21,0.5,0,31.2,0.26,,ME1
914,914,0.42,21,0.59,asqp,0.3,0.5,0,28.2,0.27,,ME1
915,915,0.6,48,0.46,mucx,0.32,0.5,0,24,0.33,,ME1
916,916,0.64,44,0.51,mucx,0.35,0.5,0,31.8,0.22,,ME1
917,917,0.35,40,0.44,mucx,0.25,0.5,0,31.8,0.57,,ME1
918,918,0.55,38,0.64,asqp,0.42,0.5,0,28.2,0.22,,MIT
919,919,0.45,43,0.5,asqp,0.25,0.5,0,28.2,0.22,,MIT
920,920,0.47,53,0.48,asqp,0.51,0.5,0,32.4,0.22,rux,MIT
921,921,0.45,49,0.57,cdg,0.25,0.5,0,28.8,0.22,,ME1
922,922,0.45,52,0.5,mucx,0.12,0.5,0,36,0.22,,ME1
923,923,0.56,51,0.32,cdg,0.49,0.5,0,28.8,0.22,,ME1
924,924,0.37,58,0.5,asqp,0.22,0.5,0,28.2,0.22,,ME1
925,925,0.47,45,0.51,cdg,0.33,0.5,0,27.6,0.26,,ME1
926,926,0.5,36,0.64,mucx,0.37,0.5,0,22.2,0.33,,ME1
927,927,0.43,44,0.64,mucx,0.19,0.5,0,22.8,0.33,,ME1
928,928,0.38,40,0.59,asqp,0.25,0.5,0,26.4,0.22,,ME1
929,929,0.39,39,0.59,asqp,0.25,0.5,0,27,0.22,,ME1
930,930,0.54,55,0.56,asqp,0.14,0.5,0,30,0.25,,ME1
931,931,0.45,50,0.57,asqp,0.29,0.5,0,26.4,0.11,,ME1
932,932,0.45,50,0.57,asqp,0.29,0.5,0,26.4,0.11,,ME1
933,933,0.61,38,0.57,mucx,0.36,0.5,0,26.4,0.21,,ME1
934,934,0.61,38,0.57,asqp,0.36,0.5,0,26.4,0.21,rux,ME1
935,935,0.43,33,0.54,asqp,0.37,0.5,0,22.8,0.16,,ME1
936,936,0.43,33,0.54,cdg,0.37,0.5,0,22.8,0.16,,ME1
937,937,0.51,39,0.58,cdg,0.19,0.5,0,28.2,0.22,,ME1
938,938,0.72,51,0.52,cdg,0.08,0.5,0,32.4,0.22,,ME1
939,939,0.35,41,0.53,asqp,0.27,0.5,0,28.2,0.29,,ME1
940,940,0.56,49,0.54,cdg,0.15,0.5,0,30,0.35,,ME1
941,941,0.57,37,0.43,cdg,0.27,0.5,0,31.8,0.28,,ME1
942,942,0.57,49,0.61,cdg,0.26,0.5,0,31.2,0.22,,ME1
943,943,0.48,45,0.63,mucx,0.19,0.5,0,34.8,0.22,,ME1
944,944,0.34,48,0.47,cdg,0.19,0.5,0,30,0.3,,ME1
945,945,0.54,57,0.55,cdg,0.18,0.5,0,30,0.22,,ME1
946,946,0.38,44,0.55,cdg,0.44,0.5,0,28.2,0.51,,ME1
947,947,0.4,30,0.57,cdg,0.13,0.5,0,27.6,0.22,,ME1
948,948,0.27,31,0.55,mucx,0.13,0.5,0,30,0.22,,ME1
949,949,0.52,46,0.56,cdg,0.25,0.5,0,31.2,0.22,,ME1
950,950,0.44,50,0.55,cdg,0.24,0.5,0,28.8,0.22,,ME1
951,951,0.34,47,0.48,cdg,0.32,0.5,0,25.2,0.22,,ME1
952,952,0.5,56,0.63,cdg,0.25,0.5,0,25.2,0.22,,ME1
953,953,0.46,53,0.47,asqp,0.37,0.5,0,30.6,0.36,,ME1
954,954,0.31,60,0.65,asqp,0.18,0.5,0,27.6,0.22,,ME1
955,955,0.57,42,0.63,mucx,0.22,0.5,0,40.8,0.32,rux,ME1
956,956,0.37,45,0.53,asqp,0.14,0.5,0,29.4,0.22,,ME1
957,957,0.38,38,0.54,cdg,0.24,0.5,0,32.4,0.22,,ME1
958,958,0.36,49,0.55,cdg,0.21,0.5,0,33,0.33,,ME1
959,959,0.29,40,0.5,cdg,0.16,0.5,0,30.6,0.34,,ME1
960,960,0.37,30,0.51,mucx,0.15,0.5,0,34.8,0.26,,ME1
961,961,0.35,33,0.48,mucx,0.42,0.5,0,28.2,0.43,,ME1
962,962,0.46,35,0.69,mucx,0.18,0.5,0,18,0.25,,ME1
963,963,0.46,35,0.69,cdg,0.18,0.5,0,18,0.25,,ME1
964,964,0.57,43,0.52,cdg,0.3,0.5,0,22.2,0.11,,ME1
965,965,0.57,43,0.52,cdg,0.3,0.5,0,22.2,0.11,,ME1
966,966,0.59,51,0.48,asqp,0.12,0.5,0,32.4,0.31,,ME1
967,967,0.59,51,0.48,asqp,0.12,0.5,0,32.4,0.31,,ME1
968,968,0.61,53,0.59,asqp,0.17,0.5,0,26.4,0.28,,ME1
969,969,0.61,48,0.56,asqp,0.19,0.5,0,31.8,0.31,,ME1
970,970,0.61,48,0.56,mucx,0.19,0.5,0,31.8,0.31,rax,ME1
971,971,0.44,56,0.52,asqp,0.18,0.5,0,30,0.11,,ME1
972,972,0.36,56,0.52,cdg,0.18,0.5,0,27,0.16,,ME1
973,973,0.37,44,0.64,mucx,0.48,0.5,0,21.6,0.27,,ME1
974,974,0.72,37,0.63,cdg,0.38,0.5,0,24,0.14,,ME1
975,975,0.72,37,0.63,asqp,0.38,0.5,0,24,0.14,,ME1
976,976,0.44,36,0.64,mucx,0.45,0.5,0,31.8,0.11,,ME1
977,977,0.58,45,0.55,asqp,0.27,0.5,0,28.8,0.11,uax,ME1
978,978,0.63,64,0.45,mucx,0.26,0.5,0,25.8,0.22,,ME1
979,979,0.63,64,0.45,cdg,0.26,0.5,0,25.8,0.22,,ME1
980,980,0.43,33,0.67,mucx,0.12,0.5,0,27,0.23,,ME1
981,981,0.43,33,0.67,mucx,0.12,0.5,0,25.8,0.23,rax,ME1
982,982,0.58,44,0.5,cdg,0.26,0.5,0,31.2,0.22,,ME1
983,983,0.38,43,0.53,cdg,0.22,0.5,0,28.8,0.11,,ME1
984,984,0.4,45,0.61,asqp,0.29,0.5,0,26.4,0.22,,ME1
985,985,0.4,45,0.61,cdg,0.29,0.5,0,26.4,0.22,uxv,ME1
986,986,0.34,34,0.65,asqp,0.4,0.5,0,19.2,0.16,,ME1
987,987,0.34,34,0.65,mucx,0.4,0.5,0,19.2,0.16,,ME1
988,988,0.43,22,0.79,cdg,0.79,0.5,0,13.2,0,rux,ME1
989,989,0.35,21,1,asqp,0.8,0.5,0,7.8,0.01,,ME1
990,990,0.35,21,1,mucx,0.8,0.5,0,7.8,0.01,,ME1
991,991,0.56,35,0.47,cdg,0.41,0.5,0,30,0.22,,ME1
992,992,0.56,35,0.47,asqp,0.35,0.5,0,31.2,0.22,,ME1
993,993,0.54,44,0.55,mucx,0.48,0.5,0,28.2,0.22,,ME1
994,994,0.35,39,0.56,cdg,0.2,0.5,0,29.4,0.41,,ME1
995,995,0.48,46,0.58,cdg,0.16,0.5,0,27,0.22,,ME1
996,996,0.48,55,0.48,asqp,0.1,0.5,0,33,0.22,,ME1
997,997,0.66,60,0.52,asqp,0.19,0.5,0,41.4,0.22,,ME1
998,998,0.69,54,0.55,cdg,0.23,0.5,0,43.8,0.22,,ME1
999,999,0.73,60,0.47,mucx,0.2,0.5,0,43.2,0.22,,ME1
1000,1000,0.78,82,0.56,mucx,,0.5,0,41.4,0.22,rux,ME1
1001,1001,0.42,49,0.49,mucx,0.36,0.5,0,34.2,0.26,,MIT
1002,1002,0.44,62,0.53,cdg,0.27,0.5,0,29.4,0.22,uxv,ME1
1003,1003,0.56,61,0.52,mucx,0.19,0.5,0,31.2,0.32,,ME1
1004,1004,0.47,56,0.46,mucx,0.5,0.5,0,30.6,0.22,,MIT
1005,1005,0.46,33,0.45,asqp,0.22,0.5,0,24.6,0.37,,ME1
1006,1006,0.52,43,0.61,mucx,0.22,0.5,0,27,0.22,,ME1
1007,1007,0.52,43,0.61,asqp,0.22,0.5,0,27,0.22,,ME1
1008,1008,0.32,44,0.54,cdg,0.21,0.5,0,24,0.19,,ME1
1009,1009,0.32,44,0.54,cdg,0.21,0.5,0,24,0.19,,ME1
1010,1010,0.48,41,0.52,cdg,0.33,0.5,0,30.6,0.26,,ME1
1011,1011,0.46,39,0.54,asqp,0.22,0.5,0,28.8,0.25,,ME1
1012,1012,0.46,39,0.54,asqp,0.22,0.5,0,28.8,0.25,,ME1
1013,1013,0.42,50,0.64,mucx,0.13,0.5,0,29.4,0.22,,ME1
1014,1014,0.46,54,0.59,mucx,0.41,0.5,0,31.8,0.21,,ME1
1015,1015,0.46,54,0.59,asqp,0.41,0.5,0,31.8,0.21,,ME1
1016,1016,0.39,65,0.57,cdg,0.19,0.5,0,26.4,0.25,,ME1
1017,1017,0.39,65,0.57,cdg,0.19,0.5,0,25.8,0.25,,ME1
1018,1018,0.38,50,0.52,asqp,0.44,0.5,0,32.4,0.11,,ME1
1019,1019,0.38,50,0.52,cdg,0.44,0.5,0,32.4,0.11,,ME1
1020,1020,0.51,52,0.58,asqp,0.17,0.5,0,28.2,0.28,,ME1
1021,1021,0.57,48,0.54,asqp,0.22,0.5,0,30,0.11,,ME1
1022,1022,0.5,50,0.62,asqp,0.23,0.5,0,21,0.11,,ME1
1023,1023,0.41,49,0.65,mucx,0.28,0.5,0,35.4,0.57,,ME1
1024,1024,0.53,57,0.6,mucx,0.36,0.5,0,30,0.22,,ME1
1025,1025,0.53,57,0.6,asqp,0.36,0.5,0,30,0.22,,ME1
1026,1026,0.37,30,0.62,mucx,0.43,0.5,0,26.4,0.39,,ME1
1027,1027,0.37,30,0.62,cdg,0.43,0.5,0,26.4,0.39,,ME1
1028,1028,0.6,57,0.52,asqp,0.14,0.5,0,27.6,0.48,,ME1
1029,1029,0.42,38,0.52,cdg,0.29,0.5,0,25.2,0.22,,ME1
1030,1030,0.41,46,0.58,asqp,0.08,0.5,0,30.6,0.28,,ME1
1031,1031,0.49,40,0.58,asqp,0.23,0.5,0,28.2,0.27,,ME1
1032,1032,0.37,37,0.51,asqp,0.38,0.5,0,26.4,0.22,,ME1
1033,1033,0.57,50,0.4,cdg,0.08,0.5,0,28.2,0.22,,ME3
1034,1034,0.51,40,0.5,mucx,0.28,0.5,0,28.8,0.27,,ME1
1035,1035,0.34,25,0.55,asqp,0.28,0.5,0,30.6,0.49,,ME1
1036,1036,0.77,86,0.44,asqp,0.27,0.5,0,28.8,0.22,,ME1
1037,1037,0.59,54,0.53,mucx,0.14,0.5,0,28.8,0.22,,ME1
1038,1038,0.5,48,0.48,cdg,0.23,0.5,0,31.8,0.68,,ME1
1039,1039,0.39,100,0.38,cdg,0.41,0.5,0,30,0.27,,MIT
1040,1040,0.56,42,0.52,cdg,0.14,0.5,0,30.6,0.22,,ME1
1041,1041,0.39,46,0.33,mucx,0.18,0.5,0,31.8,0.22,,ME3
1042,1042,0.52,54,0.47,mucx,0.49,0.5,0,32.4,0.22,,MIT
1043,1043,0.46,49,0.55,cdg,0.18,0.5,0,33.6,0.22,,ME1
1044,1044,0.56,65,0.49,cdg,0.56,0.5,0,29.4,0.22,,MIT
1045,1045,0.53,51,0.55,cdg,0.57,0.5,0,27.6,0.22,,MIT
1046,1046,0.54,64,0.4,cdg,0.56,0.5,0,30.6,0.22,,MIT
1047,1047,0.47,58,0.47,cdg,0.52,0.5,0,32.4,0.22,,MIT
1048,1048,0.46,42,0.51,cdg,0.16,0.5,0,33.6,0.22,,ME1
1049,1049,0.6,51,0.49,asqp,0.18,0.5,0,31.8,0.38,,ME1
1050,1050,0.85,66,0.49,mucx,0.18,0.5,0,30.6,0.22,rux,ME1
1051,1051,0.55,52,0.44,cdg,0.2,0.5,0,33.6,0.22,,ME2
1052,1052,0.49,38,0.56,mucx,0.09,0.5,0,27.6,0.22,,ME1
1053,1053,0.38,40,0.53,cdg,0.12,0.5,0,33,0.22,,ME1
1054,1054,0.55,55,0.52,mucx,0.13,0.5,0,31.8,0.25,,ME1
1055,1055,0.46,44,0.58,asqp,0.17,0.5,0,33,0.22,,ME1
1056,1056,0.34,46,0.52,asqp,0.19,0.5,0,31.8,0.26,,ME1
1057,1057,0.58,56,0.46,asqp,0.14,0.5,0,30.6,0.22,,ME1
1058,1058,0.46,47,0.44,mucx,0.18,1,0,27.6,0.22,,ME2
1059,1059,0.44,71,0.5,asqp,0.21,0.5,0,32.4,0.27,,ME1
1060,1060,0.56,49,0.32,asqp,0.22,0.5,0,30,0.22,,ME2
1061,1061,0.41,49,0.47,asqp,0.09,0.5,0,29.4,0.22,,ME1
1062,1062,0.44,51,0.53,mucx,0.3,0.5,0,31.8,0.22,,ME1
1063,1063,0.54,51,0.56,cdg,0.15,0.5,0,32.4,0.31,,ME1
1064,1064,0.51,51,0.32,cdg,0.27,0.5,0,32.4,0.22,,ME3
1065,1065,0.46,38,0.51,mucx,0.2,0.5,0,30.6,0.22,,ME1
1066,1066,0.55,72,0.35,asqp,0.26,0.5,0,29.4,0.22,,ME3
1067,1067,0.54,44,0.35,cdg,0.19,0.5,0,30.6,0.27,,ME3
1068,1068,0.65,66,0.37,asqp,0.12,0.5,0,31.2,0.27,,ME3
1069,1069,0.41,40,0.56,mucx,0.17,0.5,0,33.6,0.22,,ME1
1070,1070,0.39,71,0.38,cdg,0.14,0.5,0,30,0.22,rux,ME2
1071,1071,0.37,42,0.46,mucx,0.15,0.5,0,30.6,0.31,,ME2
1072,1072,0.59,55,0.57,cdg,0.18,0.5,0,30.6,0.22,,ME1
1073,1073,0.48,51,0.5,mucx,0.24,0.5,0,32.4,0.38,,ME1
1074,1074,0.39,30,0.63,asqp,0.2,0.5,0,25.8,0.47,,ME1
1075,1075,0.47,52,0.54,cdg,0.25,0.5,0,32.4,0.29,,MIT
1076,1076,0.77,82,0.4,asqp,0.36,0.5,0,22.8,0.22,,ME1
1077,1077,0.52,55,0.39,mucx,0.09,1,0,33,0.25,,ME3
1078,1078,0.42,28,0.33,mucx,0.23,0.5,0,23.4,0.26,,ME3
1079,1079,0.47,37,0.46,cdg,0.28,0.5,0,31.2,0.99,,ME1
1080,1080,0.48,50,0.47,cdg,0.29,0.5,0,27.6,0.27,rux,ME1
1081,1081,0.3,33,0.55,cdg,0.12,0.5,0,31.8,0.38,,ME1
1082,1082,0.49,49,0.52,cdg,0.18,0.5,0,30.6,0.25,,ME1
1083,1083,0.54,59,0.57,asqp,0.34,0.5,0,29.4,0.22,,ME1
1084,1084,0.7,78,0.53,mucx,0.24,0.5,0,28.8,0.22,,ME3
1085,1085,0.85,69,0.34,cdg,0.31,0.5,0,34.2,0.3,,ME1
1086,1086,0.56,59,0.45,cdg,0.15,0.5,0,32.4,0.22,,MIT
1087,1087,0.47,56,0.53,mucx,0.44,0.5,0,31.8,0.22,,MIT
1088,1088,0.53,49,0.47,asqp,0.21,0.5,0,31.8,0.22,,ME1
1089,1089,0.7,57,0.34,mucx,0.19,0.5,0,31.8,0.27,,ME2
1090,1090,0.42,43,0.67,cdg,0.7,0.5,0,25.2,0.25,,ME1
1091,1091,0.47,44,0.53,cdg,0.18,0.5,0,28.2,0.29,,ME1
1092,1092,0.4,49,0.53,cdg,0.23,0.5,0,26.4,0.26,,ME1
1093,1093,0.45,65,0.51,cdg,0.17,0.5,0,29.4,0.22,,ME1
1094,1094,0.42,42,0.55,mucx,0.31,0.5,0,25.8,0.22,,ME1
1095,1095,0.45,41,0.53,cdg,0.49,0.5,0,29.4,0.31,,ME1
1096,1096,0.42,28,0.49,cdg,0.22,0.5,0,33,0.34,,ME1
1097,1097,0.47,50,0.47,asqp,0.22,0.5,0,31.8,0.45,,ME1
1098,1098,0.33,42,0.55,asqp,0.23,0.5,0,31.2,0.43,rax,ME1
1099,1099,0.56,55,0.57,cdg,0.15,0.5,0,32.4,0.25,,ME1
1100,1100,0.37,47,0.49,mucx,0.12,0.5,0,28.2,0.31,,ME1
1101,1101,0.32,60,0.48,cdg,0.13,0.5,0,31.8,0.22,,ME1
1102,1102,0.38,42,0.31,cdg,0.35,0.5,0,31.2,0.22,,ME3
1103,1103,0.46,56,0.56,mucx,0.25,0.5,0,25.8,0.22,,ME1
1104,1104,0.47,55,0.57,mucx,0.17,0.5,0,31.2,0.66,,ME1
1105,1105,0.37,55,0.52,asqp,0.13,0.5,0,25.2,0.8,,ME1
1106,1106,0.46,48,0.38,mucx,0.22,0.5,0,23.4,0.45,,ME3
1107,1107,0.8,69,0.53,cdg,0.33,0.5,0,30.6,0.22,uxv,ME2
1108,1108,0.52,65,0.36,asqp,0.37,0.5,0,31.2,0.34,,ME3
1109,1109,0.19,16,0.68,asqp,0.36,0.5,0,29.4,0.21,,ME1
1110,1110,0.64,31,0.53,mucx,0.15,0.5,0,31.8,0.31,,ME1
1111,1111,0.4,43,0.36,cdg,0.33,0.5,0,30.6,0.22,,ME3
1112,1112,0.47,56,0.51,mucx,0.2,0.5,0,31.2,0.59,,ME1
1113,1113,0.4,75,0.44,cdg,0.12,0.5,0,29.4,0.22,,ME1
1114,1114,0.48,55,0.58,asqp,0.18,0.5,0,22.8,0.69,,ME1
1115,1115,0.57,51,0.34,asqp,0.13,0.5,0,31.8,0.27,,MIT
1116,1116,0.23,37,0.32,mucx,0.13,0.5,0,31.8,0.22,,MIT
1117,1117,0.54,50,0.51,mucx,0.26,0.5,0,31.2,0.22,,ME1
1118,1118,0.6,64,0.56,asqp,0.36,0.5,0,27.6,0.27,,ME1
1119,1119,0.27,41,0.24,mucx,0.2,0.5,0,29.4,0.22,,ME3
1120,1120,0.25,35,0.22,asqp,0.18,0.5,0,27.6,0.22,,ME3
1121,1121,0.39,45,0.51,asqp,0.29,0.5,0,32.4,0.22,,ME1
1122,1122,0.33,47,0.55,asqp,0.24,0.5,0,27,0.67,,ME1
1123,1123,0.37,40,0.38,cdg,0.18,0.5,0,30.6,0.22,,ME3
1124,1124,0.43,47,0.47,mucx,0.18,0.5,0,28.2,0.22,,ME1
1125,1125,0.66,43,0.57,cdg,0.6,0.5,0,11.4,0.33,,ME1
1126,1126,0.55,40,0.62,cdg,0.22,0.5,0,22.2,0.28,,ME1
1127,1127,0.33,46,0.6,asqp,0.18,0.5,0,30.6,0.26,,ME1
1128,1128,0.51,50,0.54,cdg,0.11,0.5,0,36,0.22,,ME1
1129,1129,0.54,60,0.57,cdg,0.17,0.5,0,26.4,0.22,uxv,ME1
1130,1130,0.45,57,0.38,mucx,0.28,0.5,0,31.8,0.31,,ME3
1131,1131,0.55,57,0.51,asqp,0.07,0.5,0,33,0.22,,ME1
1132,1132,0.54,47,0.58,asqp,0.4,0.5,0,27.6,0.27,,MIT
1133,1133,0.36,32,0.55,mucx,0.27,0.5,0,28.2,0.43,uax,ME1
1134,1134,0.46,41,0.45,asqp,0.23,0.5,0,28.8,0.22,,ME1
1135,1135,0.4,39,0.6,asqp,0.23,0.5,0,31.2,0.31,,ME1
1136,1136,0.52,47,0.58,mucx,0.18,0.5,0,20.4,0.11,,ME1
1137,1137,0.52,47,0.58,asqp,0.18,0.5,0,20.4,0.11,,ME1
1138,1138,0.5,45,0.51,cdg,0.19,0.5,0,31.8,0.25,,ME1
1139,1139,0.57,55,0.51,asqp,0.18,0.5,0,30.6,0.43,,ME1
1140,1140,0.44,43,0.46,asqp,0.28,0.5,0,27,0.29,,ME1
1141,1141,0.46,50,0.5,mucx,0.28,0.5,0,30,0.37,,ME1
1142,1142,0.66,65,0.54,asqp,0.4,0.5,0,30.6,0.22,,ME3
1143,1143,0.77,73,0.49,mucx,0.46,0.5,0,22.8,0.22,uax,ME3
1144,1144,0.38,58,0.46,cdg,0.21,0.5,0,31.2,0.22,,ME1
1145,1145,0.32,68,0.51,asqp,0.16,0.5,0.83,33,0.22,,ME2
1146,1146,0.27,46,0.52,mucx,0.17,0.5,0,29.4,0.44,uxv,ME1
1147,1147,0.52,45,0.45,cdg,0.13,0.5,0,28.8,0.22,,ME1
1148,1148,0.37,29,0.45,asqp,0.15,0.5,0,29.4,0.22,,ME1
1149,1149,0.37,48,0.67,mucx,0.37,0.5,0,33.6,0.62,,ME1
1150,1150,0.44,59,0.54,asqp,0.18,0.5,0,29.4,0.22,,ME1
1151,1151,0.48,65,0.36,mucx,0.24,0.5,0,32.4,0.31,,ME1
1152,1152,0.59,49,0.45,asqp,0.22,0.5,0,27,0.31,,ME1
1153,1153,0.73,52,0.59,cdg,0.25,0.5,0,30.6,0.22,,ME1
1154,1154,0.5,43,0.5,asqp,0.17,0.5,0,27.6,0.47,,ME1
1155,1155,0.23,13,0.51,mucx,0.16,0.5,0,31.8,0.51,uxv,ME1
1156,1156,0.49,60,0.54,asqp,0.35,0.5,0,31.8,0.46,,ME1
1157,1157,0.52,31,0.56,mucx,0.16,0.5,0,33,0.22,,ME1
1158,1158,0.49,48,0.51,mucx,0.21,0.5,0,31.8,0.22,,ME1
1159,1159,0.49,60,0.42,asqp,0.18,0.5,0,34.8,0.28,,ME1
1160,1160,0.6,62,0.54,cdg,0.11,0.5,0,30.6,0.22,,ME1
1161,1161,0.55,47,0.53,asqp,0.2,0.5,0,24,0.22,,ME1
1162,1162,0.47,32,0.51,cdg,0.24,0.5,0,32.4,0.27,,ME1
1163,1163,0.53,25,0.59,asqp,0.27,0.5,0,27,0.26,,ME1
1164,1164,0.31,50,0.54,asqp,0.32,0.5,0,31.8,0.31,,ME1
1165,1165,0.25,33,0.48,asqp,0.18,0.5,0,25.2,0.33,,ME1
1166,1166,0.55,46,0.47,cdg,0.15,0.5,0,28.2,0.22,,ME3
1167,1167,0.61,50,0.61,asqp,0.21,0.5,0,33,0.54,,ME1
1168,1168,0.5,52,0.51,asqp,0.22,0.5,0,27.6,0.37,,ME1
1169,1169,0.62,33,0.49,cdg,0.24,0.5,0,30.6,0.42,,ME1
1170,1170,0.56,52,0.46,cdg,0.17,0.5,0,29.4,0.73,,ME1
1171,1171,0.52,56,0.55,asqp,0.16,0.5,0,31.8,0.39,,ME1
1172,1172,0.53,48,0.51,asqp,0.18,0.5,0,31.2,0.27,,ME1
1173,1173,0.51,48,0.51,mucx,0.19,0.5,0,30.6,0.27,,ME1
1174,1174,0.51,48,0.51,cdg,0.26,0.5,0,30.6,0.27,,ME1
1175,1175,0.53,48,0.51,cdg,0.18,0.5,0,30.6,0.27,,ME1
1176,1176,0.6,46,0.51,mucx,0.1,0.5,0,28.8,0.31,,ME1
1177,1177,0.6,46,0.51,asqp,0.1,0.5,0,28.8,0.31,,ME1
1178,1178,0.44,39,0.63,cdg,0.11,0.5,0,29.4,0.26,rax,ME1
1179,1179,0.51,50,0.49,asqp,0.45,0.5,0,28.8,0.22,,MIT
1180,1180,0.45,45,0.51,asqp,0.3,0.5,0,28.8,0.44,,ME1
1181,1181,0.38,42,0.47,cdg,0.12,0.5,0,28.2,0.53,,ME1
1182,1182,0.19,66,0.6,cdg,0.14,0.5,0,12,0.25,,ME1
1183,1183,0.41,42,0.23,cdg,0.16,0.5,0,24,0.22,,ME3
1184,1184,0.25,42,0.21,mucx,0.14,0.5,0,24.6,0.22,,ME3
1185,1185,0.7,58,0.53,mucx,0.39,0.5,0,35.4,0.22,,ME3
1186,1186,0.49,31,0.43,asqp,0.24,0.5,0,32.4,0.22,rux,ME3
1187,1187,0.46,41,0.43,mucx,0.18,0.5,0,32.4,0.22,,ME3
1188,1188,0.83,81,0.45,cdg,0.38,0.5,0,24,0.26,,ME3
1189,1189,0.38,51,0.56,cdg,0.21,0.5,0,28.8,0.31,,ME1
1190,1190,0.32,36,0.28,cdg,0.38,0.5,0,30,0.4,,ME3
1191,1191,0.4,65,0.38,mucx,0.17,0.5,0,34.2,0.22,,ME3
1192,1192,0.36,37,0.63,asqp,0.25,0.5,0,18,0.22,,ME1
1193,1193,0.49,55,0.41,mucx,0.19,0.5,0,28.8,0.31,rux,ME3
1194,1194,0.3,45,0.55,cdg,0.19,0.5,0,31.8,0.4,,ME1
1195,1195,0.88,72,0.32,asqp,0.3,0.5,0,31.2,0.33,,ME1
1196,1196,0.44,40,0.53,mucx,0.19,0.5,0,28.8,0.27,,ME1
1197,1197,0.45,57,0.52,asqp,0.21,0.5,0,32.4,0.38,,ME1
1198,1198,0.46,61,0.38,cdg,0.35,0.5,0,29.4,0.22,,ME3
1199,1199,0.55,41,0.67,cdg,0.61,0.5,0,29.4,0.14,,MIT
1200,1200,0.28,18,0.72,asqp,0.26,0.5,0,29.4,0.25,,MIT
1201,1201,0.66,65,0.53,asqp,0.17,0.5,0,28.2,0.66,,ME1
1202,1202,0.36,50,0.39,mucx,0.23,0.5,0,30,0.22,,ME3
1203,1203,0.48,54,0.56,mucx,0.29,0.5,0,30.6,0.43,,ME1
1204,1204,0.33,37,0.49,cdg,0.22,0.5,0,33,0.22,rux,ME1
1205,1205,0.58,43,0.32,mucx,0.11,0.5,0,29.4,0.22,,ME3
1206,1206,0.58,64,0.42,cdg,0.3,0.5,0,32.4,0.22,,ME1
1207,1207,0.74,82,0.46,asqp,0.24,0.5,0,30,0.31,,ME3
1208,1208,0.74,82,0.46,asqp,0.24,0.5,0,28.8,0.22,,ME3
1209,1209,0.75,76,0.58,asqp,0.22,0.5,0,29.4,0.22,,ME3
1210,1210,0.58,37,0.58,asqp,0.16,0.5,0,30.6,0.22,,ME1
1211,1211,0.39,39,0.65,cdg,0.16,0.5,0,27,0.22,,ME1
1212,1212,0.51,59,0.55,cdg,0.21,0.5,0,31.2,0.22,,ME1
1213,1213,0.41,35,0.6,cdg,0.22,0.5,0,33.6,0.79,,ME1
1214,1214,0.43,28,0.41,asqp,0.32,0.5,0,31.2,0.22,,ME3
1215,1215,0.41,49,0.55,asqp,0.13,0.5,0,33,0.22,,ME1
1216,1216,0.23,29,0.46,mucx,0,0.5,0,25.8,0.31,,ME1
1217,1217,0.25,48,0.45,asqp,0.32,0.5,0,24,0.22,,ME1
1218,1218,0.38,34,0.55,asqp,0.44,0.5,0,28.8,0.26,rux,ME1
1219,1219,0.61,54,0.54,mucx,0.38,0.5,0,32.4,0.29,,MIT
1220,1220,0.48,17,0.37,mucx,0.33,0.5,0,26.4,0.36,,ME1
1221,1221,0.47,47,0.5,asqp,0.19,0.5,0,30.6,0.26,,ME1
1222,1222,0.55,38,0.52,cdg,0.16,0.5,0,29.4,0.64,,ME1
1223,1223,0.41,39,0.61,cdg,0.17,0.5,0,30,0.61,,ME1
1224,1224,0.41,56,0.53,cdg,0.16,0.5,0,33,0.26,,ME1
1225,1225,0.78,73,0.27,mucx,0.28,0.5,0,33.6,0.22,,ME1
1226,1226,0.31,51,0.38,mucx,0.18,0.5,0,27.6,0.31,,ME3
1227,1227,0.63,64,0.49,cdg,0.2,0.5,0,31.2,0.25,,ME1
1228,1228,0.31,40,0.31,cdg,0.17,0.5,0,31.2,0.22,,ME3
1229,1229,0.44,65,0.49,asqp,0.16,0.5,0,28.8,0.31,,ME1
1230,1230,0.48,44,0.46,mucx,0.37,0.5,0,27.6,0.36,,ME1
1231,1231,0.5,49,0.46,cdg,0.22,0.5,0,31.8,0.25,,ME1
1232,1232,0.62,42,0.47,cdg,0.16,0.5,0,31.2,0.22,,ME1
1233,1233,0.5,45,0.52,mucx,0.18,0.5,0,31.2,0.22,uxv,ME1
1234,1234,0.59,51,0.47,cdg,0.21,0.5,0,28.2,0.22,,ME1
1235,1235,0.39,47,0.49,asqp,0.2,0.5,0,31.8,0.26,,ME1
1236,1236,0.49,48,0.52,cdg,0.24,0.5,0,30,0.22,,ME1
1237,1237,0.59,48,0.49,mucx,0.42,0.5,0,31.2,0.22,,ME1
1238,1238,0.57,35,0.5,asqp,0.43,0.5,0,31.8,0.22,,ME1
1239,1239,0.61,52,0.5,asqp,0.44,0.5,0,31.8,0.22,,ME1
1240,1240,0.49,51,0.52,mucx,0.13,0.5,0,30.6,0.33,,ME1
1241,1241,0.45,40,0.56,mucx,0.15,0.5,0,31.2,0.22,,ME1
1242,1242,0.63,43,0.48,asqp,0.11,0.5,0,30.6,0.22,,ME1
1243,1243,0.63,43,0.48,asqp,0.11,0.5,0,30.6,0.22,,ME1
1244,1244,0.52,45,0.53,asqp,0.34,0.5,0,31.2,0.44,,ME1
1245,1245,0.54,48,0.55,asqp,0.33,0.5,0,33,0.4,,ME1
1246,1246,0.55,79,0.45,mucx,0.25,0.5,0,30.6,0.22,,ME1
1247,1247,0.58,51,0.63,cdg,0.2,0.5,0,30,0.42,,ME1
1248,1248,0.63,58,0.57,asqp,0.1,0.5,0,31.2,0.33,,ME1
1249,1249,0.54,67,0.56,mucx,0.15,0.5,0,34.2,0.33,,ME1
1250,1250,0.41,59,0.65,cdg,0.14,0.5,0,29.4,0.33,,ME1
1251,1251,0.47,38,0.5,asqp,0.15,0.5,0,29.4,0.47,,ME1
1252,1252,0.33,17,0.52,asqp,0.13,0.5,0,30.6,0.75,uxv,ME1
1253,1253,0.42,50,0.59,mucx,0.17,0.5,0,30.6,0.22,,ME1
1254,1254,0.54,55,0.55,mucx,0.4,0.5,0,31.8,0.22,,ME1
1255,1255,0.31,31,0.57,asqp,0.15,0.5,0,30,0.22,,ME1
1256,1256,0.38,42,0.5,asqp,0.19,0.5,0,26.4,0.22,,ME1
1257,1257,0.33,36,0.62,cdg,0.26,0.5,0,33,0.22,,ME1
1258,1258,0.38,42,0.5,asqp,0.19,0.5,0,26.4,0.22,,ME1
1259,1259,0.47,56,0.58,cdg,0.19,0.5,0,26.4,0.64,,ME1
1260,1260,0.32,32,0.52,mucx,0.18,0.5,0,28.8,0.34,,ME1
1261,1261,0.28,27,0.5,asqp,0.14,0.5,0,30,0.28,,ME1
1262,1262,0.41,46,0.57,mucx,0.25,0.5,0,34.2,0.38,,ME1
1263,1263,0.44,54,0.51,cdg,0.16,0.5,0,34.8,0.22,,ME1
1264,1264,0.44,55,0.51,cdg,0.16,0.5,0,36,0.22,,ME1
1265,1265,0.77,70,0.44,asqp,0.29,0.5,0,33.6,0.22,,ME1
1266,1266,0.4,56,0.53,mucx,0.15,0.5,0,29.4,0.22,,ME1
1267,1267,0.79,79,0.42,asqp,0.26,0.5,0,36,0.22,,ME1
1268,1268,0.8,83,0.43,mucx,0.24,0.5,0,32.4,0.22,,ME1
1269,1269,0.58,55,0.51,cdg,0.13,0.5,0,31.2,0.22,,ME1
1270,1270,0.55,69,0.51,mucx,0.12,0.5,0,30.6,0.22,,ME1
1271,1271,0.47,46,0.53,mucx,0.12,0.5,0,30.6,0.25,,ME1
1272,1272,0.57,29,0.63,asqp,0.22,0.5,0,29.4,0.27,,ME1
1273,1273,0.52,49,0.59,cdg,0.21,0.5,0,28.2,0.22,,ME1
1274,1274,0.41,42,0.53,cdg,0.17,0.5,0,28.8,0.58,,ME1
1275,1275,0.45,36,0.5,mucx,0.19,0.5,0,31.8,0.7,,ME1
1276,1276,0.53,51,0.54,mucx,0.21,0.5,0,27,0.22,,ME1
1277,1277,0.49,50,0.42,mucx,0.43,0.5,0,30,0.36,,ME3
1278,1278,0.44,49,0.49,cdg,0.27,0.5,0,31.2,0.22,,ME1
1279,1279,0.25,26,0.53,cdg,0.17,0.5,0,27,0.22,,ME1
1280,1280,0.49,46,0.54,asqp,0.18,0.5,0,21,0.22,,ME1
1281,1281,0.42,37,0.54,mucx,0.17,0.5,0,30.6,0.22,,ME1
1282,1282,0.42,45,0.75,mucx,0.21,0.5,0,28.8,0.22,,ME1
1283,1283,0.39,45,0.75,cdg,0.17,0.5,0,30.6,0.22,,ME1
1284,1284,0.63,54,0.53,asqp,0.27,0.5,0,29.4,0.22,,ME1
1285,1285,0.54,43,0.48,cdg,0.27,0.5,0,26.4,0.41,,ME1
1286,1286,0.4,44,0.5,mucx,0.13,0.5,0,31.2,0.39,,ME1
1287,1287,0.55,39,0.39,cdg,0.47,0.5,0,30,0.83,rax,ME3
1288,1288,0.59,48,0.41,asqp,0.53,0.5,0,28.8,0.56,,ME3
1289,1289,0.49,38,0.49,mucx,0.15,0.5,0,31.8,0.25,,ME1
1290,1290,0.53,45,0.52,mucx,0.29,0.5,0,33,0.38,,MIT
1291,1291,0.62,60,0.54,cdg,0.22,0.5,0,32.4,0.27,,ME1
1292,1292,0.33,46,0.53,asqp,0.12,0.5,0,30,0.27,,ME1
1293,1293,0.57,36,0.51,mucx,0.25,0.5,0,32.4,0.25,,ME1
1294,1294,0.45,76,0.51,asqp,0.25,0.5,0,35.4,0.22,,ME1
1295,1295,0.48,44,0.51,asqp,0.24,0.5,0,29.4,0.22,,ME1
1296,1296,0.59,64,0.44,cdg,0.26,0.5,0,30,0.22,,ME1
1297,1297,0.79,56,0.53,asqp,0.19,0.5,0,28.2,0.35,,ME1
1298,1298,0.5,50,0.48,cdg,0.34,0.5,0,31.2,0.27,,ME1
1299,1299,0.79,62,0.35,mucx,0.35,0.5,0,36,0.28,rax,ME2
1300,1300,0.52,50,0.6,cdg,0.2,0.5,0,31.2,0.22,,ME1
1301,1301,0.59,46,0.57,asqp,0.17,0.5,0,31.2,0.22,,ME1
1302,1302,0.53,42,0.53,cdg,0.19,0.5,0,28.2,0.22,,ME1
1303,1303,0.59,46,0.55,cdg,0.17,0.5,0,31.2,0.25,,ME1
1304,1304,0.61,73,0.5,mucx,0.58,0.5,0,30,0.22,,MIT
1305,1305,0.5,43,0.56,cdg,0.17,0.5,0,21,0.22,,ME1
1306,1306,0.36,52,0.61,mucx,0.33,0.5,0,31.2,0.37,,ME1
1307,1307,0.66,54,0.53,cdg,0.17,0.5,0,32.4,0.22,,ME1
1308,1308,0.52,51,0.48,asqp,0.12,0.5,0,32.4,0.31,,ME1
1309,1309,0.56,46,0.51,cdg,0.25,0.5,0,32.4,0.22,,ME1
1310,1310,0.47,46,0.49,cdg,0.27,0.5,0,35.4,0.22,rax,ME1
1311,1311,0.5,46,0.49,asqp,0.27,0.5,0,36,0.22,,ME1
1312,1312,0.43,48,0.36,cdg,0.26,0.5,0,31.2,0.22,,ME3
1313,1313,0.5,44,0.57,mucx,0.28,0.5,0,34.2,0.22,,ME1
1314,1314,0.46,47,0.62,cdg,0.3,0.5,0,22.8,0.22,,ME1
1315,1315,0.59,70,0.46,mucx,0.19,0.5,0,32.4,0.44,,ME1
1316,1316,0.19,41,0.55,asqp,0.13,0.5,0,31.2,0.25,,ME1
1317,1317,0.27,43,0.5,asqp,0.13,0.5,0,32.4,0.31,,ME1
1318,1318,0.42,46,0.44,cdg,0.17,0.5,0,30.6,0.42,uxv,ME1
1319,1319,0.49,36,0.47,cdg,0.28,0.5,0,33.6,0.54,,ME1
1320,1320,0.42,51,0.33,asqp,0.16,0.5,0,32.4,0.22,,ME3
1321,1321,0.34,42,0.48,asqp,0.19,0.5,0,27.6,0.31,,ME1
1322,1322,0.6,57,0.63,mucx,0.22,0.5,0,30,0.49,,ME1
1323,1323,0.53,44,0.54,cdg,0.52,0.5,0,29.4,0.38,,ME1
1324,1324,0.48,39,0.56,mucx,0.23,0.5,0,36,0.22,,ME1
1325,1325,0.56,49,0.47,asqp,0.13,0.5,0,31.2,0.22,,ME1
1326,1326,0.47,59,0.56,asqp,0.09,0.5,0,30,0.22,,ME1
1327,1327,0.4,28,0.58,cdg,0.44,0.5,0,24.6,0.22,,ME1
1328,1328,0.54,35,0.55,mucx,0.19,0.5,0,18,0.22,,ME1
1329,1329,0.5,47,0.45,mucx,0.14,0.5,0,31.8,0.32,,ME3
1330,1330,0.55,49,0.6,mucx,0.18,0.5,0,30.6,0.22,,ME1
1331,1331,0.55,44,0.5,asqp,0.09,0.5,0,33,0.22,,ME3
1332,1332,0.66,37,0.6,asqp,0.25,0.5,0,41.4,0.22,,MIT
1333,1333,0.51,49,0.48,mucx,0.55,0.5,0,31.2,0.58,,ME1
1334,1334,0.36,51,0.51,cdg,0.17,0.5,0,31.2,0.22,,ME3
1335,1335,0.68,68,0.35,cdg,0.16,0.5,0,37.2,0.22,,ME3
1336,1336,0.44,35,0.55,mucx,0.14,0.5,0,31.2,0.22,,ME3
1337,1337,0.73,59,0.35,asqp,0.15,0.5,0,32.4,0.22,,ME3
1338,1338,0.6,37,0.52,cdg,0.15,0.5,0,33,0.26,,ME3
1339,1339,0.64,61,0.56,asqp,0.15,0.5,0,32.4,0.22,,ME3
1340,1340,0.48,58,0.58,asqp,0.12,0.5,0,29.4,0.22,,ME3
1341,1341,0.65,58,0.53,cdg,0.21,0.5,0,30.6,0.22,uax,ME3
1342,1342,0.48,49,0.49,cdg,0.26,0.5,0,23.4,0.27,,ME3
1343,1343,0.57,54,0.32,asqp,0.15,0.5,0,31.2,0.25,,ME3
1344,1344,0.4,36,0.32,cdg,0.16,0.5,0,30.6,0.27,,ME3
1345,1345,0.5,55,0.52,cdg,0.16,0.5,0,30.6,0.31,,ME1
1346,1346,0.65,63,0.47,mucx,0.22,0.5,0,31.2,0.27,,ME1
1347,1347,0.41,48,0.51,mucx,0.2,0.5,0,30.6,0.22,,ME1
1348,1348,0.25,40,0.54,mucx,0.16,0.5,0,25.8,0.22,,ME1
1349,1349,0.63,56,0.52,asqp,0.21,0.5,0,30,0.22,,ME1
1350,1350,0.56,68,0.42,mucx,0.36,0.5,0,29.4,0.22,,ME1
1351,1351,0.57,47,0.48,asqp,0.17,0.5,0,31.2,0.26,uxv,ME1
1352,1352,0.46,52,0.51,asqp,0.13,0.5,0,28.2,0.22,,ME1
1353,1353,0.5,40,0.57,asqp,0.17,0.5,0,35.4,0.22,rux,ME1
1354,1354,0.78,71,0.35,asqp,0.25,0.5,0,29.4,0.22,,ME1
1355,1355,0.64,56,0.52,cdg,0.17,0.5,0,32.4,0.47,,ME1
1356,1356,1,80,0.29,cdg,0.36,0.5,0,31.2,0.22,,ME1
1357,1357,0.51,39,0.56,asqp,0.55,0.5,0,27.6,0.64,,MIT
1358,1358,0.69,66,0.36,cdg,0.09,0.5,0,33.6,0.22,,ME1
1359,1359,0.4,45,0.45,asqp,0.15,0.5,0,31.8,0.48,,ME1
1360,1360,0.49,53,0.36,cdg,0.15,0.5,0,31.2,0.27,,ME3
1361,1361,0.39,63,0.41,mucx,0.27,0.5,0,29.4,0.22,,ME3
1362,1362,0.45,51,0.43,mucx,0.22,0.5,0,34.2,0.22,,ME1
1363,1363,0.77,78,0.27,asqp,0.37,0.5,0,29.4,0.22,,ME1
1364,1364,0.88,75,0.41,cdg,0.36,0.5,0,25.8,0.22,,ME2
1365,1365,0.49,49,0.4,mucx,0.2,0.5,0,28.8,0.26,,ME3
1366,1366,0.57,53,0.6,mucx,0.28,0.5,0,31.2,0.45,,ME1
1367,1367,0.53,52,0.49,cdg,0.27,0.5,0,30.6,0.22,,ME1
1368,1368,0.5,47,0.56,mucx,0.31,0.5,0,33.6,0.26,,ME1
1369,1369,0.71,79,0.41,mucx,0.38,0.5,0,32.4,0.22,,ME1
1370,1370,0.33,49,0.46,asqp,0.22,0.5,0,31.8,0.33,,ME3
1371,1371,0.47,41,0.46,mucx,0.18,0.5,0,31.8,0.22,,ME3
1372,1372,0.45,39,0.46,asqp,0.29,0.5,0,25.2,0.22,,MIT
1373,1373,0.59,56,0.5,cdg,0.48,0.5,0,27.6,0.22,,MIT
1374,1374,0.32,30,0.57,mucx,0.38,0.5,0,30,0.25,,ME1
1375,1375,0.26,30,0.37,mucx,0.15,0.5,0,31.8,0.25,,ME3
1376,1376,0.28,41,0.46,asqp,0.18,0.5,0,28.2,0.39,,ME1
1377,1377,0.45,50,0.43,asqp,0.16,0.5,0,31.2,0.28,,ME3
1378,1378,0.24,25,0.57,cdg,0.28,0.5,0,30.6,0.11,,ME1
1379,1379,0.46,61,0.55,asqp,0.29,0.5,0,29.4,0.22,,MIT
1380,1380,0.54,44,0.38,mucx,0.22,0.5,0,32.4,0.3,,ME3
1381,1381,0.22,53,0.36,asqp,0.22,0.5,0,32.4,0.31,,ME3
1382,1382,0.25,41,0.47,cdg,0.14,0.5,0,33.6,0.68,,ME1
1383,1383,0.43,41,0.37,asqp,0.18,0.5,0,32.4,0.31,,ME3
1384,1384,0.4,44,0.47,cdg,0.25,0.5,0,32.4,0.56,,ME1
1385,1385,0.46,59,0.38,asqp,0.12,0.5,0,30,0.22,,ME3
1386,1386,0.8,82,0.4,cdg,0.31,0.5,0,34.2,0.25,,ME1
1387,1387,0.29,39,0.46,asqp,0.36,0.5,0,30.6,0.22,,ME1
1388,1388,0.4,40,0.43,cdg,0.19,0.5,0.83,28.8,0.22,,ME2
1389,1389,0.57,52,0.46,asqp,0.2,0.5,0.83,31.2,0.41,,ME2
1390,1390,0.43,60,0.4,asqp,0.12,0.5,0,29.4,0.29,,ME3
1391,1391,0.56,71,0.47,asqp,0.21,0.5,0,31.2,0.22,,MIT
1392,1392,0.65,62,0.26,asqp,0.33,0.5,0,33,0.22,,ME3
1393,1393,0.77,70,0.37,cdg,0.12,0.5,0,29.4,0.26,,ME1
1394,1394,0.47,61,0.32,asqp,0.27,0.5,0,30,0.3,,ME3
1395,1395,0.71,51,0.49,asqp,0.23,0.5,0,18,0.32,,ME2
1396,1396,0.59,48,0.49,mucx,0.49,0.5,0,21.6,0.32,rux,ME1
1397,1397,0.58,63,0.52,asqp,0.7,0.5,0,27.6,0.22,,MIT
1398,1398,0.3,68,0.41,asqp,0.17,0.5,0,30.6,0.22,,ME3
1399,1399,0.74,73,0.32,cdg,0.2,0.5,0,33,0.22,,ME1
1400,1400,0.55,35,0.36,cdg,0.29,0.5,0,30.6,0.22,,ME3
1401,1401,0.35,32,0.31,cdg,0.16,0.5,0,33.6,0.22,,ME3
1402,1402,0.67,61,0.39,mucx,0.24,0.5,0,30.6,0.22,,ME3
1403,1403,0.69,57,0.39,cdg,0.19,0.5,0,28.8,0.39,,ME2
1404,1404,0.47,41,0.53,mucx,0.27,0.5,0,28.2,0.25,,MIT
1405,1405,0.39,56,0.34,cdg,0.18,0.5,0,29.4,0.22,,ME3
1406,1406,0.51,38,0.42,asqp,0.21,0.5,0,27.6,0.34,,ME3
1407,1407,0.32,45,0.39,mucx,0.14,0.5,0,27,0.22,,ME3
1408,1408,0.75,73,0.35,mucx,0.33,0.5,0,29.4,0.28,rux,ME1
1409,1409,0.54,54,0.56,asqp,0.18,0.5,0,27.6,0.29,,ME1
1410,1410,0.71,64,0.42,asqp,0.28,0.5,0,25.8,0.22,,ME3
1411,1411,0.28,48,0.36,asqp,0.16,0.5,0,31.8,0.22,,ME3
1412,1412,0.58,44,0.45,mucx,0.32,0.5,0,31.2,0.37,,ME1
1413,1413,0.52,65,0.36,asqp,0.26,0.5,0,26.4,0.22,,ME3
1414,1414,0.64,44,0.56,cdg,0.15,0.5,0,33.6,0.22,,ME1
1415,1415,0.48,58,0.47,mucx,0.17,0.5,0,31.8,0.74,,ME1
1416,1416,0.42,71,0.45,cdg,0.15,0.5,0,28.8,0.22,,ME3
1417,1417,0.38,37,0.36,cdg,0.14,0.5,0,32.4,0.22,,ME3
1418,1418,0.4,40,0.44,asqp,0.37,0.5,0,31.8,0.25,,ME1
1419,1419,0.38,56,0.38,cdg,0.16,0.5,0,31.8,0.22,,ME3
1420,1420,0.8,79,0.43,asqp,0.25,0.5,0,31.2,0.22,,ME3
1421,1421,0.63,65,0.42,mucx,0.18,0.5,0,32.4,0.27,,ME3
1422,1422,0.47,40,0.63,cdg,0.19,0.5,0,31.2,0.32,,ME1
1423,1423,0.83,94,0.32,cdg,0.21,0.5,0,30.6,0.22,,ME1
1424,1424,0.61,76,0.3,cdg,0.16,0.5,0,27,0.41,,ME3
1425,1425,0.33,38,0.47,mucx,0.14,0.5,0,30.6,0.47,,ME1
1426,1426,0.38,67,0.33,asqp,0.17,0.5,0,30.6,0.22,,ME3
1427,1427,0.39,33,0.33,mucx,0.23,0.5,0,28.2,0.22,,ME3
1428,1428,0.5,63,0.45,mucx,0.13,0.5,0,27,0.32,,ME3
1429,1429,0.2,60,0.5,mucx,0.29,0.5,0,30.6,0.22,,ME3
1430,1430,0.29,26,0.43,asqp,0.17,0.5,0,33,0.3,,ME3
1431,1431,0.51,46,0.41,cdg,0.36,0.5,0,29.4,0.22,,ME3
1432,1432,0.92,66,0.52,cdg,0.23,0.5,0,31.8,0.22,,ME1
1433,1433,0.49,56,0.37,mucx,0.2,0.5,0,31.8,0.22,rax,ME3
1434,1434,0.86,78,0.34,cdg,0.15,0.5,0,31.8,0.22,,ME2
1435,1435,0.38,44,0.57,asqp,0.14,0.5,0,31.8,0.52,,ME1
1436,1436,0.72,73,0.41,mucx,0.28,0.5,0,26.4,0.22,,ME1
1437,1437,0.8,73,0.47,asqp,0.19,0.5,0,29.4,0.22,,ME1
1438,1438,0.49,55,0.35,mucx,0.23,0.5,0,34.2,0.22,,ME3
1439,1439,0.63,71,0.44,mucx,0.53,0.5,0,31.2,0.22,,ME2
1440,1440,0.6,68,0.3,cdg,0.27,0.5,0,33,0.22,,ME3
1441,1441,0.4,43,0.49,mucx,0.17,0.5,0,30.6,0.36,,ME1
1442,1442,0.82,63,0.47,cdg,0.18,0.5,0,30,0.22,rax,ME2
1443,1443,0.77,68,0.35,mucx,0.19,0.5,0,31.8,0.43,uxv,ME1
1444,1444,0.51,59,0.46,asqp,0.13,0.5,0,28.8,0.22,,MIT
1445,1445,0.52,46,0.34,cdg,0.2,0.5,0,30.6,0.25,,ME3
1446,1446,0.47,50,0.6,cdg,0.63,0.5,0,22.8,0.16,,ME1
1447,1447,0.34,24,0.51,cdg,0.15,0.5,0,32.4,0.4,,ME1
1448,1448,0.35,29,0.46,mucx,0.14,0.5,0,32.4,0.66,,ME1
1449,1449,0.58,67,0.49,asqp,0.16,0.5,0,28.2,0.28,,MIT
1450,1450,0.85,85,0.3,asqp,0.31,0.5,0,33,0.42,,ME1
1451,1451,0.36,48,0.61,asqp,0.26,0.5,0,30,0.16,,ME1
1452,1452,0.41,25,0.59,cdg,0.44,0.5,0,36,0.69,,ME1
1453,1453,0.3,37,0.4,mucx,0.45,0.5,0,28.8,0.41,,ME3
1454,1454,0.57,59,0.49,mucx,0.86,0.5,0,28.2,0.22,,ME1
1455,1455,0.38,40,0.39,cdg,0.19,0.5,0,27.6,0.62,,ME1
1456,1456,0.77,74,0.37,cdg,0.29,0.5,0,27,0.22,,ME1
1457,1457,0.47,38,0.58,asqp,0.19,0.5,0,34.2,0.22,,ME1
1458,1458,0.5,61,0.44,mucx,0.2,0.5,0,29.4,0.22,,MIT
1459,1459,0.41,45,0.46,asqp,0.23,0.5,0,30,0.7,,ME1
1460,1460,0.46,62,0.46,mucx,0.54,0.5,0,30.6,0.27,,MIT
1461,1461,0.74,75,0.45,mucx,0.44,0.5,0,31.2,0.22,,ME2
1462,1462,0.52,53,0.58,mucx,0.69,0.5,0,30,0.22,,MIT
1463,1463,0.41,47,0.5,mucx,0.14,0.5,0,31.8,0.37,rax,ME1
1464,1464,0.25,40,0.52,mucx,0.15,0.5,0,33.6,0.28,,ME1
1465,1465,0.58,56,0.38,asqp,0.39,0.5,0,32.4,0.57,rax,ME1
1466,1466,0.32,29,0.29,mucx,0.08,0.5,0,31.2,0.22,,ME3
1467,1467,0.38,48,0.57,cdg,0.3,0.5,0,24.6,0.11,,ME1
1468,1468,0.39,58,0.47,asqp,0.18,0.5,0,28.8,0.22,,MIT
1469,1469,0.38,47,0.47,asqp,0.18,0.5,0,26.4,0.26,,MIT
1470,1470,0.63,57,0.5,mucx,0.48,0.5,0,30.6,0.22,,MIT
1471,1471,0.51,45,0.62,asqp,0.25,0.5,0,35.4,0.22,,MIT
1472,1472,0.59,67,0.54,cdg,0.19,0.5,0,28.8,0.6,,ME1
1473,1473,0.6,61,0.54,cdg,0.11,0.5,0,27.6,0.22,,ME1
1474,1474,0.48,61,0.57,asqp,0.17,0.5,0,27,0.22,,ME1
1475,1475,0.71,50,0.5,asqp,0.18,0.5,0,27.6,0.22,,ME1
1476,1476,0.61,48,0.54,mucx,0.25,0.5,0,30,0.22,,ME1
1477,1477,0.38,32,0.64,mucx,0.41,0.5,0,26.4,0.11,uxv,ME1
1478,1478,0.38,40,0.66,mucx,0.35,0.5,0,25.8,0.11,,ME1
1479,1479,0.81,62,0.43,mucx,0.17,0.5,0,31.8,0.22,,ME2
1480,1480,0.47,43,0.61,mucx,0.4,0.5,0,28.8,0.47,,ME1
1481,1481,0.67,57,0.36,cdg,0.19,0.5,0,33.6,0.22,,ME2
1482,1482,0.43,40,0.6,asqp,0.16,0.5,0,31.8,0.39,,ME1
1483,1483,0.65,54,0.54,mucx,0.13,0.5,0,31.8,0.22,,ME1